纬度:4047.533度,UTC时间:01时32分38秒,经度:11141.856度,速度:012.2节,UTC日期:10日05月17年,纬度 :4047.533度,UTC时间:01时32分38秒,经度:11141.856度,卫星数量:05个,海拔高度:1108米
纬度:4047.532度,UTC时间:01时32分39秒,经度:11141.852度,速度:011.3节,UTC日期:10日05月17年,纬度 :4047.532度,UTC时间:01时32分39秒,经度:11141.852度,卫星数量:05个,海拔高度:1106米
纬度:4047.532度,UTC时间:01时32分39秒,经度:11141.852度,速度:011.3节,UTC日期:10日05月17年,纬度 :4047.532度,UTC时间:01时32分39秒,经度:11141.852度,卫星数量:05个,海拔高度:1106米
纬度:4047.557度,UTC时间:01时32分41秒,经度:11141.837度,速度:012.3节,UTC日期:10日05月17年,纬度 :4047.557度,UTC时间:01时32分41秒,经度:11141.837度,卫星数量:06个,海拔高度:1181米
纬度:4047.563度,UTC时间:01时32分42秒,经度:11141.830度,速度:012.2节,UTC日期:10日05月17年,纬度 :4047.563度,UTC时间:01时32分42秒,经度:11141.830度,卫星数量:06个,海拔高度:1199米
纬度:4047.561度,UTC时间:01时32分43秒,经度:11141.826度,速度:014.2节,UTC日期:10日05月17年,纬度 :4047.561度,UTC时间:01时32分43秒,经度:11141.826度,卫星数量:06个,海拔高度:1195米
纬度:4047.560度,UTC时间:01时32分44秒,经度:11141.821度,速度:014.5节,UTC日期:10日05月17年,纬度 :4047.560度,UTC时间:01时32分44秒,经度:11141.821度,卫星数量:06个,海拔高度:1194米
纬度:4047.559度,UTC时间:01时32分45秒,经度:11141.815度,速度:014.7节,UTC日期:10日05月17年,纬度 :4047.559度,UTC时间:01时32分45秒,经度:11141.815度,卫星数量:06个,海拔高度:1192米
纬度:4047.560度,UTC时间:01时32分46秒,经度:11141.810度,速度:014.6节,UTC日期:10日05月17年,纬度 :4047.560度,UTC时间:01时32分46秒,经度:11141.810度,卫星数量:06个,海拔高度:1194米
纬度:4047.558度,UTC时间:01时32分47秒,经度:11141.806度,速度:013.9节,UTC日期:10日05月17年,纬度 :4047.558度,UTC时间:01时32分47秒,经度:11141.806度,卫星数量:06个,海拔高度:1195米
纬度:4047.558度,UTC时间:01时32分48秒,经度:11141.800度,速度:014.7节,UTC日期:10日05月17年,纬度 :4047.558度,UTC时间:01时32分48秒,经度:11141.800度,卫星数量:06个,海拔高度:1196米
纬度:4047.555度,UTC时间:01时32分49秒,经度:11141.796度,速度:014.9节,UTC日期:10日05月17年,纬度 :4047.555度,UTC时间:01时32分49秒,经度:11141.796度,卫星数量:07个,海拔高度:1184米
纬度:4047.551度,UTC时间:01时32分50秒,经度:11141.791度,速度:014.5节,UTC日期:10日05月17年,纬度 :4047.551度,UTC时间:01时32分50秒,经度:11141.791度,卫星数量:07个,海拔高度:1174米
纬度:4047.549度,UTC时间:01时32分51秒,经度:11141.787度,速度:012.9节,UTC日期:10日05月17年,纬度 :4047.549度,UTC时间:01时32分51秒,经度:11141.787度,卫星数量:07个,海拔高度:1167米
纬度:4047.547度,UTC时间:01时32分52秒,经度:11141.783度,速度:011.1节,UTC日期:10日05月17年,纬度 :4047.547度,UTC时间:01时32分52秒,经度:11141.783度,卫星数量:08个,海拔高度:1162米
纬度:4047.548度,UTC时间:01时32分53秒,经度:11141.779度,速度:010.7节,UTC日期:10日05月17年,纬度 :4047.548度,UTC时间:01时32分53秒,经度:11141.779度,卫星数量:08个,海拔高度:1159米
纬度:4047.547度,UTC时间:01时32分54秒,经度:11141.776度,速度:009.6节,UTC日期:10日05月17年,纬度 :4047.547度,UTC时间:01时32分54秒,经度:11141.776度,卫星数量:08个,海拔高度:1151米
纬度:4047.547度,UTC时间:01时32分55秒,经度:11141.771度,速度:009.3节,UTC日期:10日05月17年,纬度 :4047.547度,UTC时间:01时32分55秒,经度:11141.771度,卫星数量:08个,海拔高度:1147米
纬度:4047.549度,UTC时间:01时32分56秒,经度:11141.769度,速度:011.0节,UTC日期:10日05月17年,纬度 :4047.549度,UTC时间:01时32分56秒,经度:11141.769度,卫星数量:08个,海拔高度:1147米
纬度:4047.552度,UTC时间:01时32分57秒,经度:11141.767度,速度:013.1节,UTC日期:10日05月17年,纬度 :4047.552度,UTC时间:01时32分57秒,经度:11141.767度,卫星数量:08个,海拔高度:1147米
纬度:4047.556度,UTC时间:01时32分58秒,经度:11141.766度,速度:016.3节,UTC日期:10日05月17年,纬度 :4047.556度,UTC时间:01时32分58秒,经度:11141.766度,卫星数量:08个,海拔高度:1146米
纬度:4047.560度,UTC时间:01时32分59秒,经度:11141.764度,速度:018.5节,UTC日期:10日05月17年,纬度 :4047.560度,UTC时间:01时32分59秒,经度:11141.764度,卫星数量:08个,海拔高度:1145米
纬度:4047.565度,UTC时间:01时33分00秒,经度:11141.762度,速度:020.1节,UTC日期:10日05月17年,纬度 :4047.565度,UTC时间:01时33分00秒,经度:11141.762度,卫星数量:08个,海拔高度:1144米
纬度:4047.571度,UTC时间:01时33分01秒,经度:11141.759度,速度:022.2节,UTC日期:10日05月17年,纬度 :4047.571度,UTC时间:01时33分01秒,经度:11141.759度,卫星数量:08个,海拔高度:1144米
纬度:4047.577度,UTC时间:01时33分02秒,经度:11141.757度,速度:022.7节,UTC日期:10日05月17年,纬度 :4047.577度,UTC时间:01时33分02秒,经度:11141.757度,卫星数量:08个,海拔高度:1143米
纬度:4047.583度,UTC时间:01时33分03秒,经度:11141.754度,速度:023.3节,UTC日期:10日05月17年,纬度 :4047.583度,UTC时间:01时33分03秒,经度:11141.754度,卫星数量:08个,海拔高度:1142米
纬度:4047.589度,UTC时间:01时33分04秒,经度:11141.751度,速度:022.5节,UTC日期:10日05月17年,纬度 :4047.589度,UTC时间:01时33分04秒,经度:11141.751度,卫星数量:08个,海拔高度:1142米
纬度:4047.595度,UTC时间:01时33分05秒,经度:11141.748度,速度:022.2节,UTC日期:10日05月17年,纬度 :4047.595度,UTC时间:01时33分05秒,经度:11141.748度,卫星数量:08个,海拔高度:1142米
纬度:4047.601度,UTC时间:01时33分06秒,经度:11141.746度,速度:021.9节,UTC日期:10日05月17年,纬度 :4047.601度,UTC时间:01时33分06秒,经度:11141.746度,卫星数量:08个,海拔高度:1142米
纬度:4047.607度,UTC时间:01时33分07秒,经度:11141.743度,速度:021.4节,UTC日期:10日05月17年,纬度 :4047.607度,UTC时间:01时33分07秒,经度:11141.743度,卫星数量:08个,海拔高度:1142米
纬度:4047.613度,UTC时间:01时33分08秒,经度:11141.741度,速度:020.6节,UTC日期:10日05月17年,纬度 :4047.613度,UTC时间:01时33分08秒,经度:11141.741度,卫星数量:08个,海拔高度:1141米
纬度:4047.618度,UTC时间:01时33分09秒,经度:11141.738度,速度:018.8节,UTC日期:10日05月17年,纬度 :4047.618度,UTC时间:01时33分09秒,经度:11141.738度,卫星数量:08个,海拔高度:1142米
纬度:4047.623度,UTC时间:01时33分10秒,经度:11141.737度,速度:016.5节,UTC日期:10日05月17年,纬度 :4047.623度,UTC时间:01时33分10秒,经度:11141.737度,卫星数量:08个,海拔高度:1141米
纬度:4047.627度,UTC时间:01时33分11秒,经度:11141.735度,速度:014.8节,UTC日期:10日05月17年,纬度 :4047.627度,UTC时间:01时33分11秒,经度:11141.735度,卫星数量:09个,海拔高度:1140米
纬度:4047.631度,UTC时间:01时33分12秒,经度:11141.734度,速度:013.2节,UTC日期:10日05月17年,纬度 :4047.631度,UTC时间:01时33分12秒,经度:11141.734度,卫星数量:09个,海拔高度:1140米
纬度:4047.634度,UTC时间:01时33分13秒,经度:11141.733度,速度:011.6节,UTC日期:10日05月17年,纬度 :4047.634度,UTC时间:01时33分13秒,经度:11141.733度,卫星数量:09个,海拔高度:1139米
纬度:4047.637度,UTC时间:01时33分14秒,经度:11141.732度,速度:009.7节,UTC日期:10日05月17年,纬度 :4047.637度,UTC时间:01时33分14秒,经度:11141.732度,卫星数量:09个,海拔高度:1139米
纬度:4047.639度,UTC时间:01时33分15秒,经度:11141.731度,速度:008.0节,UTC日期:10日05月17年,纬度 :4047.639度,UTC时间:01时33分15秒,经度:11141.731度,卫星数量:10个,海拔高度:1139米
纬度:4047.641度,UTC时间:01时33分16秒,经度:11141.730度,速度:007.1节,UTC日期:10日05月17年,纬度 :4047.641度,UTC时间:01时33分16秒,经度:11141.730度,卫星数量:08个,海拔高度:1140米
纬度:4047.643度,UTC时间:01时33分17秒,经度:11141.730度,速度:007.0节,UTC日期:10日05月17年,纬度 :4047.643度,UTC时间:01时33分17秒,经度:11141.730度,卫星数量:08个,海拔高度:1139米
纬度:4047.645度,UTC时间:01时33分18秒,经度:11141.729度,速度:006.7节,UTC日期:10日05月17年,纬度 :4047.645度,UTC时间:01时33分18秒,经度:11141.729度,卫星数量:08个,海拔高度:1139米
纬度:4047.646度,UTC时间:01时33分19秒,经度:11141.728度,速度:005.6节,UTC日期:10日05月17年,纬度 :4047.646度,UTC时间:01时33分19秒,经度:11141.728度,卫星数量:08个,海拔高度:1138米
纬度:4047.647度,UTC时间:01时33分20秒,经度:11141.728度,速度:003.9节,UTC日期:10日05月17年,纬度 :4047.647度,UTC时间:01时33分20秒,经度:11141.728度,卫星数量:08个,海拔高度:1137米
纬度:4047.648度,UTC时间:01时33分21秒,经度:11141.727度,速度:002.4节,UTC日期:10日05月17年,纬度 :4047.648度,UTC时间:01时33分21秒,经度:11141.727度,卫星数量:08个,海拔高度:1137米
纬度:4047.648度,UTC时间:01时33分22秒,经度:11141.727度,速度:001.4节,UTC日期:10日05月17年,纬度 :4047.648度,UTC时间:01时33分22秒,经度:11141.727度,卫星数量:08个,海拔高度:1136米
纬度:4047.648度,UTC时间:01时33分23秒,经度:11141.727度,速度:000.9节,UTC日期:10日05月17年,纬度 :4047.648度,UTC时间:01时33分23秒,经度:11141.727度,卫星数量:09个,海拔高度:1135米
纬度:4047.648度,UTC时间:01时33分24秒,经度:11141.727度,速度:000.9节,UTC日期:10日05月17年,纬度 :4047.648度,UTC时间:01时33分24秒,经度:11141.727度,卫星数量:09个,海拔高度:1135米
纬度:4047.617度,UTC时间:01时33分25秒,经度:11141.721度,速度:001.1节,UTC日期:10日05月17年,纬度 :4047.617度,UTC时间:01时33分25秒,经度:11141.721度,卫星数量:10个,海拔高度:1132米
纬度:4047.617度,UTC时间:01时33分26秒,经度:11141.720度,速度:001.1节,UTC日期:10日05月17年,纬度 :4047.617度,UTC时间:01时33分26秒,经度:11141.720度,卫星数量:09个,海拔高度:1128米
纬度:4047.617度,UTC时间:01时33分27秒,经度:11141.721度,速度:001.0节,UTC日期:10日05月17年,纬度 :4047.617度,UTC时间:01时33分27秒,经度:11141.721度,卫星数量:09个,海拔高度:1122米
纬度:4047.618度,UTC时间:01时33分28秒,经度:11141.722度,速度:001.3节,UTC日期:10日05月17年,纬度 :4047.618度,UTC时间:01时33分28秒,经度:11141.722度,卫星数量:09个,海拔高度:1119米
纬度:4047.618度,UTC时间:01时33分29秒,经度:11141.722度,速度:001.5节,UTC日期:10日05月17年,纬度 :4047.618度,UTC时间:01时33分29秒,经度:11141.722度,卫星数量:09个,海拔高度:1115米
纬度:4047.618度,UTC时间:01时33分30秒,经度:11141.723度,速度:000.0节,UTC日期:10日05月17年,纬度 :4047.618度,UTC时间:01时33分30秒,经度:11141.723度,卫星数量:09个,海拔高度:1113米
纬度:4047.617度,UTC时间:01时33分31秒,经度:11141.726度,速度:000.0节,UTC日期:10日05月17年,纬度 :4047.617度,UTC时间:01时33分31秒,经度:11141.726度,卫星数量:10个,海拔高度:1101米
纬度:4047.616度,UTC时间:01时33分32秒,经度:11141.728度,速度:000.0节,UTC日期:10日05月17年,纬度 :4047.616度,UTC时间:01时33分32秒,经度:11141.728度,卫星数量:10个,海拔高度:1092米
纬度:4047.617度,UTC时间:01时33分33秒,经度:11141.734度,速度:000.0节,UTC日期:10日05月17年,纬度 :4047.617度,UTC时间:01时33分33秒,经度:11141.734度,卫星数量:10个,海拔高度:1071米
纬度:4047.617度,UTC时间:01时33分34秒,经度:11141.736度,速度:000.0节,UTC日期:10日05月17年,纬度 :4047.617度,UTC时间:01时33分34秒,经度:11141.736度,卫星数量:10个,海拔高度:1063米
纬度:4047.617度,UTC时间:01时33分35秒,经度:11141.736度,速度:000.1节,UTC日期:10日05月17年,纬度 :4047.617度,UTC时间:01时33分35秒,经度:11141.736度,卫星数量:10个,海拔高度:1062米
纬度:4047.618度,UTC时间:01时33分36秒,经度:11141.736度,速度:000.2节,UTC日期:10日05月17年,纬度 :4047.618度,UTC时间:01时33分36秒,经度:11141.736度,卫星数量:10个,海拔高度:1061米
纬度:4047.618度,UTC时间:01时33分37秒,经度:11141.736度,速度:000.3节,UTC日期:10日05月17年,纬度 :4047.618度,UTC时间:01时33分37秒,经度:11141.736度,卫星数量:10个,海拔高度:1060米
纬度:4047.619度,UTC时间:01时33分38秒,经度:11141.735度,速度:000.3节,UTC日期:10日05月17年,纬度 :4047.619度,UTC时间:01时33分38秒,经度:11141.735度,卫星数量:10个,海拔高度:1060米
纬度:4047.620度,UTC时间:01时33分39秒,经度:11141.735度,速度:000.1节,UTC日期:10日05月17年,纬度 :4047.620度,UTC时间:01时33分39秒,经度:11141.735度,卫星数量:10个,海拔高度:1059米
纬度:4047.620度,UTC时间:01时33分40秒,经度:11141.735度,速度:000.0节,UTC日期:10日05月17年,纬度 :4047.620度,UTC时间:01时33分40秒,经度:11141.735度,卫星数量:09个,海拔高度:1058米
纬度:4047.621度,UTC时间:01时33分41秒,经度:11141.735度,速度:000.0节,UTC日期:10日05月17年,纬度 :4047.621度,UTC时间:01时33分41秒,经度:11141.735度,卫星数量:09个,海拔高度:1058米
纬度:4047.621度,UTC时间:01时33分42秒,经度:11141.735度,速度:000.0节,UTC日期:10日05月17年,纬度 :4047.621度,UTC时间:01时33分42秒,经度:11141.735度,卫星数量:09个,海拔高度:1058米
纬度:4047.621度,UTC时间:01时33分43秒,经度:11141.735度,速度:000.0节,UTC日期:10日05月17年,纬度 :4047.621度,UTC时间:01时33分43秒,经度:11141.735度,卫星数量:09个,海拔高度:1058米
纬度:4047.621度,UTC时间:01时33分44秒,经度:11141.735度,速度:000.0节,UTC日期:10日05月17年,纬度 :4047.621度,UTC时间:01时33分44秒,经度:11141.735度,卫星数量:09个,海拔高度:1058米
纬度:4047.621度,UTC时间:01时33分45秒,经度:11141.735度,速度:000.0节,UTC日期:10日05月17年,纬度 :4047.621度,UTC时间:01时33分45秒,经度:11141.735度,卫星数量:09个,海拔高度:1058米
纬度:4047.621度,UTC时间:01时33分46秒,经度:11141.735度,速度:000.0节,UTC日期:10日05月17年,纬度 :4047.621度,UTC时间:01时33分46秒,经度:11141.735度,卫星数量:09个,海拔高度:1058米
纬度:4047.621度,UTC时间:01时33分47秒,经度:11141.735度,速度:000.0节,UTC日期:10日05月17年,纬度 :4047.621度,UTC时间:01时33分47秒,经度:11141.735度,卫星数量:09个,海拔高度:1058米
纬度:4047.621度,UTC时间:01时33分48秒,经度:11141.735度,速度:000.0节,UTC日期:10日05月17年,纬度 :4047.621度,UTC时间:01时33分48秒,经度:11141.735度,卫星数量:09个,海拔高度:1058米
纬度:4047.621度,UTC时间:01时33分49秒,经度:11141.735度,速度:000.0节,UTC日期:10日05月17年,纬度 :4047.621度,UTC时间:01时33分49秒,经度:11141.735度,卫星数量:09个,海拔高度:1058米
纬度:4047.621度,UTC时间:01时33分50秒,经度:11141.735度,速度:000.0节,UTC日期:10日05月17年,纬度 :4047.621度,UTC时间:01时33分50秒,经度:11141.735度,卫星数量:09个,海拔高度:1058米
纬度:4047.621度,UTC时间:01时33分51秒,经度:11141.735度,速度:000.0节,UTC日期:10日05月17年,纬度 :4047.621度,UTC时间:01时33分51秒,经度:11141.735度,卫星数量:09个,海拔高度:1058米
纬度:4047.621度,UTC时间:01时33分52秒,经度:11141.735度,速度:000.0节,UTC日期:10日05月17年,纬度 :4047.621度,UTC时间:01时33分52秒,经度:11141.735度,卫星数量:09个,海拔高度:1058米
纬度:4047.621度,UTC时间:01时33分53秒,经度:11141.735度,速度:000.0节,UTC日期:10日05月17年,纬度 :4047.621度,UTC时间:01时33分53秒,经度:11141.735度,卫星数量:09个,海拔高度:1058米
纬度:4047.621度,UTC时间:01时33分54秒,经度:11141.735度,速度:000.0节,UTC日期:10日05月17年,纬度 :4047.621度,UTC时间:01时33分54秒,经度:11141.735度,卫星数量:09个,海拔高度:1058米
纬度:4047.621度,UTC时间:01时33分55秒,经度:11141.735度,速度:000.0节,UTC日期:10日05月17年,纬度 :4047.621度,UTC时间:01时33分55秒,经度:11141.735度,卫星数量:09个,海拔高度:1058米
纬度:4047.621度,UTC时间:01时33分56秒,经度:11141.735度,速度:000.0节,UTC日期:10日05月17年,纬度 :4047.621度,UTC时间:01时33分56秒,经度:11141.735度,卫星数量:09个,海拔高度:1058米
纬度:4047.621度,UTC时间:01时33分57秒,经度:11141.735度,速度:000.0节,UTC日期:10日05月17年,纬度 :4047.621度,UTC时间:01时33分57秒,经度:11141.735度,卫星数量:10个,海拔高度:1058米
纬度:4047.621度,UTC时间:01时33分58秒,经度:11141.735度,速度:000.0节,UTC日期:10日05月17年,纬度 :4047.621度,UTC时间:01时33分58秒,经度:11141.735度,卫星数量:10个,海拔高度:1058米
纬度:4047.621度,UTC时间:01时33分59秒,经度:11141.735度,速度:000.0节,UTC日期:10日05月17年,纬度 :4047.621度,UTC时间:01时33分59秒,经度:11141.735度,卫星数量:10个,海拔高度:1058米
纬度:4047.621度,UTC时间:01时34分00秒,经度:11141.735度,速度:000.0节,UTC日期:10日05月17年,纬度 :4047.621度,UTC时间:01时34分00秒,经度:11141.735度,卫星数量:10个,海拔高度:1058米
纬度:4047.621度,UTC时间:01时34分01秒,经度:11141.735度,速度:000.0节,UTC日期:10日05月17年,纬度 :4047.621度,UTC时间:01时34分01秒,经度:11141.735度,卫星数量:09个,海拔高度:1058米
纬度:4047.621度,UTC时间:01时34分02秒,经度:11141.735度,速度:000.0节,UTC日期:10日05月17年,纬度 :4047.621度,UTC时间:01时34分02秒,经度:11141.735度,卫星数量:09个,海拔高度:1058米
纬度:4047.621度,UTC时间:01时34分03秒,经度:11141.735度,速度:000.0节,UTC日期:10日05月17年,纬度 :4047.621度,UTC时间:01时34分03秒,经度:11141.735度,卫星数量:09个,海拔高度:1058米
纬度:4047.621度,UTC时间:01时34分04秒,经度:11141.735度,速度:000.0节,UTC日期:10日05月17年,纬度 :4047.621度,UTC时间:01时34分04秒,经度:11141.735度,卫星数量:09个,海拔高度:1058米
纬度:4047.621度,UTC时间:01时34分05秒,经度:11141.735度,速度:000.0节,UTC日期:10日05月17年,纬度 :4047.621度,UTC时间:01时34分05秒,经度:11141.735度,卫星数量:09个,海拔高度:1058米
纬度:4047.621度,UTC时间:01时34分06秒,经度:11141.735度,速度:000.0节,UTC日期:10日05月17年,纬度 :4047.621度,UTC时间:01时34分06秒,经度:11141.735度,卫星数量:09个,海拔高度:1058米
纬度:4047.621度,UTC时间:01时34分07秒,经度:11141.735度,速度:000.0节,UTC日期:10日05月17年,纬度 :4047.621度,UTC时间:01时34分07秒,经度:11141.735度,卫星数量:09个,海拔高度:1058米
纬度:4047.621度,UTC时间:01时34分08秒,经度:11141.735度,速度:000.0节,UTC日期:10日05月17年,纬度 :4047.621度,UTC时间:01时34分08秒,经度:11141.735度,卫星数量:09个,海拔高度:1058米
纬度:4047.622度,UTC时间:01时34分09秒,经度:11141.734度,速度:000.6节,UTC日期:10日05月17年,纬度 :4047.622度,UTC时间:01时34分09秒,经度:11141.734度,卫星数量:09个,海拔高度:1058米
纬度:4047.622度,UTC时间:01时34分10秒,经度:11141.734度,速度:000.8节,UTC日期:10日05月17年,纬度 :4047.622度,UTC时间:01时34分10秒,经度:11141.734度,卫星数量:09个,海拔高度:1058米
纬度:4047.623度,UTC时间:01时34分11秒,经度:11141.734度,速度:001.0节,UTC日期:10日05月17年,纬度 :4047.623度,UTC时间:01时34分11秒,经度:11141.734度,卫星数量:10个,海拔高度:1058米
纬度:4047.623度,UTC时间:01时34分12秒,经度:11141.734度,速度:001.3节,UTC日期:10日05月17年,纬度 :4047.623度,UTC时间:01时34分12秒,经度:11141.734度,卫星数量:10个,海拔高度:1058米
纬度:4047.623度,UTC时间:01时34分13秒,经度:11141.734度,速度:001.7节,UTC日期:10日05月17年,纬度 :4047.623度,UTC时间:01时34分13秒,经度:11141.734度,卫星数量:10个,海拔高度:1058米
纬度:4047.624度,UTC时间:01时34分14秒,经度:11141.734度,速度:002.3节,UTC日期:10日05月17年,纬度 :4047.624度,UTC时间:01时34分14秒,经度:11141.734度,卫星数量:10个,海拔高度:1058米
纬度:4047.624度,UTC时间:01时34分15秒,经度:11141.733度,速度:003.1节,UTC日期:10日05月17年,纬度 :4047.624度,UTC时间:01时34分15秒,经度:11141.733度,卫星数量:10个,海拔高度:1058米
纬度:4047.626度,UTC时间:01时34分16秒,经度:11141.733度,速度:001.5节,UTC日期:10日05月17年,纬度 :4047.626度,UTC时间:01时34分16秒,经度:11141.733度,卫星数量:10个,海拔高度:1058米
纬度:4047.626度,UTC时间:01时34分17秒,经度:11141.733度,速度:000.0节,UTC日期:10日05月17年,纬度 :4047.626度,UTC时间:01时34分17秒,经度:11141.733度,卫星数量:10个,海拔高度:1058米
纬度:4047.627度,UTC时间:01时34分18秒,经度:11141.733度,速度:000.0节,UTC日期:10日05月17年,纬度 :4047.627度,UTC时间:01时34分18秒,经度:11141.733度,卫星数量:10个,海拔高度:1058米
纬度:4047.627度,UTC时间:01时34分19秒,经度:11141.733度,速度:000.0节,UTC日期:10日05月17年,纬度 :4047.627度,UTC时间:01时34分19秒,经度:11141.733度,卫星数量:10个,海拔高度:1058米
纬度:4047.627度,UTC时间:01时34分20秒,经度:11141.733度,速度:000.0节,UTC日期:10日05月17年,纬度 :4047.627度,UTC时间:01时34分20秒,经度:11141.733度,卫星数量:09个,海拔高度:1058米
纬度:4047.627度,UTC时间:01时34分21秒,经度:11141.733度,速度:000.0节,UTC日期:10日05月17年,纬度 :4047.627度,UTC时间:01时34分21秒,经度:11141.733度,卫星数量:09个,海拔高度:1058米
纬度:4047.627度,UTC时间:01时34分22秒,经度:11141.733度,速度:000.0节,UTC日期:10日05月17年,纬度 :4047.627度,UTC时间:01时34分22秒,经度:11141.733度,卫星数量:09个,海拔高度:1058米
纬度:4047.627度,UTC时间:01时34分23秒,经度:11141.733度,速度:000.0节,UTC日期:10日05月17年,纬度 :4047.627度,UTC时间:01时34分23秒,经度:11141.733度,卫星数量:08个,海拔高度:1058米
纬度:4047.627度,UTC时间:01时34分24秒,经度:11141.733度,速度:000.0节,UTC日期:10日05月17年,纬度 :4047.627度,UTC时间:01时34分24秒,经度:11141.733度,卫星数量:10个,海拔高度:1058米
纬度:4047.627度,UTC时间:01时34分25秒,经度:11141.733度,速度:000.0节,UTC日期:10日05月17年,纬度 :4047.627度,UTC时间:01时34分25秒,经度:11141.733度,卫星数量:09个,海拔高度:1058米
纬度:4047.627度,UTC时间:01时34分26秒,经度:11141.733度,速度:000.0节,UTC日期:10日05月17年,纬度 :4047.627度,UTC时间:01时34分26秒,经度:11141.733度,卫星数量:09个,海拔高度:1058米
纬度:4047.627度,UTC时间:01时34分27秒,经度:11141.733度,速度:000.0节,UTC日期:10日05月17年,纬度 :4047.627度,UTC时间:01时34分27秒,经度:11141.733度,卫星数量:09个,海拔高度:1058米
纬度:4047.627度,UTC时间:01时34分28秒,经度:11141.733度,速度:000.0节,UTC日期:10日05月17年,纬度 :4047.627度,UTC时间:01时34分28秒,经度:11141.733度,卫星数量:10个,海拔高度:1058米
纬度:4047.627度,UTC时间:01时34分29秒,经度:11141.733度,速度:000.0节,UTC日期:10日05月17年,纬度 :4047.627度,UTC时间:01时34分29秒,经度:11141.733度,卫星数量:10个,海拔高度:1058米
纬度:4047.627度,UTC时间:01时34分30秒,经度:11141.733度,速度:000.0节,UTC日期:10日05月17年,纬度 :4047.627度,UTC时间:01时34分30秒,经度:11141.733度,卫星数量:10个,海拔高度:1058米
纬度:4047.627度,UTC时间:01时34分31秒,经度:11141.733度,速度:000.0节,UTC日期:10日05月17年,纬度 :4047.627度,UTC时间:01时34分31秒,经度:11141.733度,卫星数量:10个,海拔高度:1058米
纬度:4047.627度,UTC时间:01时34分32秒,经度:11141.733度,速度:000.0节,UTC日期:10日05月17年,纬度 :4047.627度,UTC时间:01时34分32秒,经度:11141.733度,卫星数量:10个,海拔高度:1058米
纬度:4047.627度,UTC时间:01时34分33秒,经度:11141.733度,速度:000.0节,UTC日期:10日05月17年,纬度 :4047.627度,UTC时间:01时34分33秒,经度:11141.733度,卫星数量:10个,海拔高度:1058米
纬度:4047.627度,UTC时间:01时34分34秒,经度:11141.733度,速度:000.0节,UTC日期:10日05月17年,纬度 :4047.627度,UTC时间:01时34分34秒,经度:11141.733度,卫星数量:10个,海拔高度:1058米
纬度:4047.627度,UTC时间:01时34分35秒,经度:11141.733度,速度:000.0节,UTC日期:10日05月17年,纬度 :4047.627度,UTC时间:01时34分35秒,经度:11141.733度,卫星数量:10个,海拔高度:1058米
纬度:4047.627度,UTC时间:01时34分36秒,经度:11141.733度,速度:000.0节,UTC日期:10日05月17年,纬度 :4047.627度,UTC时间:01时34分36秒,经度:11141.733度,卫星数量:10个,海拔高度:1058米
纬度:4047.627度,UTC时间:01时34分37秒,经度:11141.733度,速度:000.4节,UTC日期:10日05月17年,纬度 :4047.627度,UTC时间:01时34分37秒,经度:11141.733度,卫星数量:10个,海拔高度:1058米
纬度:4047.627度,UTC时间:01时34分38秒,经度:11141.733度,速度:000.4节,UTC日期:10日05月17年,纬度 :4047.627度,UTC时间:01时34分38秒,经度:11141.733度,卫星数量:10个,海拔高度:1058米
纬度:4047.627度,UTC时间:01时34分39秒,经度:11141.733度,速度:000.4节,UTC日期:10日05月17年,纬度 :4047.627度,UTC时间:01时34分39秒,经度:11141.733度,卫星数量:10个,海拔高度:1058米
纬度:4047.627度,UTC时间:01时34分40秒,经度:11141.733度,速度:000.6节,UTC日期:10日05月17年,纬度 :4047.627度,UTC时间:01时34分40秒,经度:11141.733度,卫星数量:10个,海拔高度:1058米
纬度:4047.627度,UTC时间:01时34分41秒,经度:11141.733度,速度:000.6节,UTC日期:10日05月17年,纬度 :4047.627度,UTC时间:01时34分41秒,经度:11141.733度,卫星数量:10个,海拔高度:1057米
纬度:4047.627度,UTC时间:01时34分42秒,经度:11141.733度,速度:000.9节,UTC日期:10日05月17年,纬度 :4047.627度,UTC时间:01时34分42秒,经度:11141.733度,卫星数量:10个,海拔高度:1057米
纬度:4047.627度,UTC时间:01时34分43秒,经度:11141.733度,速度:000.9节,UTC日期:10日05月17年,纬度 :4047.627度,UTC时间:01时34分43秒,经度:11141.733度,卫星数量:10个,海拔高度:1057米
纬度:4047.628度,UTC时间:01时34分44秒,经度:11141.732度,速度:001.1节,UTC日期:10日05月17年,纬度 :4047.628度,UTC时间:01时34分44秒,经度:11141.732度,卫星数量:10个,海拔高度:1058米
纬度:4047.628度,UTC时间:01时34分45秒,经度:11141.732度,速度:001.5节,UTC日期:10日05月17年,纬度 :4047.628度,UTC时间:01时34分45秒,经度:11141.732度,卫星数量:10个,海拔高度:1057米
纬度:4047.628度,UTC时间:01时34分46秒,经度:11141.732度,速度:001.9节,UTC日期:10日05月17年,纬度 :4047.628度,UTC时间:01时34分46秒,经度:11141.732度,卫星数量:10个,海拔高度:1057米
纬度:4047.629度,UTC时间:01时34分47秒,经度:11141.731度,速度:002.5节,UTC日期:10日05月17年,纬度 :4047.629度,UTC时间:01时34分47秒,经度:11141.731度,卫星数量:09个,海拔高度:1057米
纬度:4047.630度,UTC时间:01时34分48秒,经度:11141.731度,速度:004.1节,UTC日期:10日05月17年,纬度 :4047.630度,UTC时间:01时34分48秒,经度:11141.731度,卫星数量:09个,海拔高度:1057米
纬度:4047.631度,UTC时间:01时34分49秒,经度:11141.729度,速度:005.1节,UTC日期:10日05月17年,纬度 :4047.631度,UTC时间:01时34分49秒,经度:11141.729度,卫星数量:09个,海拔高度:1057米
纬度:4047.633度,UTC时间:01时34分50秒,经度:11141.729度,速度:007.0节,UTC日期:10日05月17年,纬度 :4047.633度,UTC时间:01时34分50秒,经度:11141.729度,卫星数量:09个,海拔高度:1057米
纬度:4047.635度,UTC时间:01时34分51秒,经度:11141.727度,速度:007.4节,UTC日期:10日05月17年,纬度 :4047.635度,UTC时间:01时34分51秒,经度:11141.727度,卫星数量:09个,海拔高度:1058米
纬度:4047.637度,UTC时间:01时34分52秒,经度:11141.726度,速度:008.8节,UTC日期:10日05月17年,纬度 :4047.637度,UTC时间:01时34分52秒,经度:11141.726度,卫星数量:09个,海拔高度:1058米
纬度:4047.640度,UTC时间:01时34分53秒,经度:11141.724度,速度:009.7节,UTC日期:10日05月17年,纬度 :4047.640度,UTC时间:01时34分53秒,经度:11141.724度,卫星数量:09个,海拔高度:1058米
纬度:4047.642度,UTC时间:01时34分54秒,经度:11141.722度,速度:009.1节,UTC日期:10日05月17年,纬度 :4047.642度,UTC时间:01时34分54秒,经度:11141.722度,卫星数量:09个,海拔高度:1058米
纬度:4047.645度,UTC时间:01时34分55秒,经度:11141.721度,速度:008.4节,UTC日期:10日05月17年,纬度 :4047.645度,UTC时间:01时34分55秒,经度:11141.721度,卫星数量:09个,海拔高度:1058米
纬度:4047.647度,UTC时间:01时34分56秒,经度:11141.720度,速度:009.3节,UTC日期:10日05月17年,纬度 :4047.647度,UTC时间:01时34分56秒,经度:11141.720度,卫星数量:09个,海拔高度:1058米
纬度:4047.649度,UTC时间:01时34分57秒,经度:11141.719度,速度:008.8节,UTC日期:10日05月17年,纬度 :4047.649度,UTC时间:01时34分57秒,经度:11141.719度,卫星数量:09个,海拔高度:1058米
纬度:4047.651度,UTC时间:01时34分58秒,经度:11141.718度,速度:008.5节,UTC日期:10日05月17年,纬度 :4047.651度,UTC时间:01时34分58秒,经度:11141.718度,卫星数量:09个,海拔高度:1058米
纬度:4047.654度,UTC时间:01时34分59秒,经度:11141.717度,速度:010.0节,UTC日期:10日05月17年,纬度 :4047.654度,UTC时间:01时34分59秒,经度:11141.717度,卫星数量:10个,海拔高度:1058米
纬度:4047.657度,UTC时间:01时35分00秒,经度:11141.716度,速度:011.9节,UTC日期:10日05月17年,纬度 :4047.657度,UTC时间:01时35分00秒,经度:11141.716度,卫星数量:10个,海拔高度:1058米
纬度:4047.660度,UTC时间:01时35分01秒,经度:11141.715度,速度:012.3节,UTC日期:10日05月17年,纬度 :4047.660度,UTC时间:01时35分01秒,经度:11141.715度,卫星数量:10个,海拔高度:1057米
纬度:4047.664度,UTC时间:01时35分02秒,经度:11141.714度,速度:012.0节,UTC日期:10日05月17年,纬度 :4047.664度,UTC时间:01时35分02秒,经度:11141.714度,卫星数量:10个,海拔高度:1057米
纬度:4047.667度,UTC时间:01时35分03秒,经度:11141.713度,速度:012.9节,UTC日期:10日05月17年,纬度 :4047.667度,UTC时间:01时35分03秒,经度:11141.713度,卫星数量:10个,海拔高度:1057米
纬度:4047.670度,UTC时间:01时35分04秒,经度:11141.711度,速度:012.3节,UTC日期:10日05月17年,纬度 :4047.670度,UTC时间:01时35分04秒,经度:11141.711度,卫星数量:09个,海拔高度:1058米
纬度:4047.674度,UTC时间:01时35分05秒,经度:11141.709度,速度:012.4节,UTC日期:10日05月17年,纬度 :4047.674度,UTC时间:01时35分05秒,经度:11141.709度,卫星数量:10个,海拔高度:1057米
纬度:4047.677度,UTC时间:01时35分06秒,经度:11141.708度,速度:012.1节,UTC日期:10日05月17年,纬度 :4047.677度,UTC时间:01时35分06秒,经度:11141.708度,卫星数量:09个,海拔高度:1057米
纬度:4047.680度,UTC时间:01时35分07秒,经度:11141.707度,速度:011.8节,UTC日期:10日05月17年,纬度 :4047.680度,UTC时间:01时35分07秒,经度:11141.707度,卫星数量:09个,海拔高度:1057米
纬度:4047.683度,UTC时间:01时35分08秒,经度:11141.705度,速度:011.3节,UTC日期:10日05月17年,纬度 :4047.683度,UTC时间:01时35分08秒,经度:11141.705度,卫星数量:09个,海拔高度:1057米
纬度:4047.686度,UTC时间:01时35分09秒,经度:11141.704度,速度:009.5节,UTC日期:10日05月17年,纬度 :4047.686度,UTC时间:01时35分09秒,经度:11141.704度,卫星数量:09个,海拔高度:1057米
纬度:4047.688度,UTC时间:01时35分10秒,经度:11141.704度,速度:008.9节,UTC日期:10日05月17年,纬度 :4047.688度,UTC时间:01时35分10秒,经度:11141.704度,卫星数量:09个,海拔高度:1058米
纬度:4047.690度,UTC时间:01时35分11秒,经度:11141.703度,速度:009.0节,UTC日期:10日05月17年,纬度 :4047.690度,UTC时间:01时35分11秒,经度:11141.703度,卫星数量:09个,海拔高度:1058米
纬度:4047.693度,UTC时间:01时35分12秒,经度:11141.702度,速度:009.4节,UTC日期:10日05月17年,纬度 :4047.693度,UTC时间:01时35分12秒,经度:11141.702度,卫星数量:09个,海拔高度:1057米
纬度:4047.695度,UTC时间:01时35分13秒,经度:11141.701度,速度:008.3节,UTC日期:10日05月17年,纬度 :4047.695度,UTC时间:01时35分13秒,经度:11141.701度,卫星数量:09个,海拔高度:1057米
纬度:4047.697度,UTC时间:01时35分14秒,经度:11141.701度,速度:006.0节,UTC日期:10日05月17年,纬度 :4047.697度,UTC时间:01时35分14秒,经度:11141.701度,卫星数量:09个,海拔高度:1057米
纬度:4047.699度,UTC时间:01时35分15秒,经度:11141.700度,速度:005.3节,UTC日期:10日05月17年,纬度 :4047.699度,UTC时间:01时35分15秒,经度:11141.700度,卫星数量:09个,海拔高度:1057米
纬度:4047.700度,UTC时间:01时35分16秒,经度:11141.700度,速度:004.9节,UTC日期:10日05月17年,纬度 :4047.700度,UTC时间:01时35分16秒,经度:11141.700度,卫星数量:09个,海拔高度:1056米
纬度:4047.701度,UTC时间:01时35分17秒,经度:11141.699度,速度:002.4节,UTC日期:10日05月17年,纬度 :4047.701度,UTC时间:01时35分17秒,经度:11141.699度,卫星数量:09个,海拔高度:1056米
纬度:4047.702度,UTC时间:01时35分18秒,经度:11141.700度,速度:002.0节,UTC日期:10日05月17年,纬度 :4047.702度,UTC时间:01时35分18秒,经度:11141.700度,卫星数量:09个,海拔高度:1056米
纬度:4047.702度,UTC时间:01时35分19秒,经度:11141.700度,速度:002.3节,UTC日期:10日05月17年,纬度 :4047.702度,UTC时间:01时35分19秒,经度:11141.700度,卫星数量:09个,海拔高度:1057米
纬度:4047.703度,UTC时间:01时35分20秒,经度:11141.701度,速度:003.1节,UTC日期:10日05月17年,纬度 :4047.703度,UTC时间:01时35分20秒,经度:11141.701度,卫星数量:09个,海拔高度:1057米
纬度:4047.704度,UTC时间:01时35分21秒,经度:11141.700度,速度:005.7节,UTC日期:10日05月17年,纬度 :4047.704度,UTC时间:01时35分21秒,经度:11141.700度,卫星数量:08个,海拔高度:1057米
纬度:4047.706度,UTC时间:01时35分22秒,经度:11141.700度,速度:009.4节,UTC日期:10日05月17年,纬度 :4047.706度,UTC时间:01时35分22秒,经度:11141.700度,卫星数量:08个,海拔高度:1057米
纬度:4047.710度,UTC时间:01时35分23秒,经度:11141.699度,速度:013.1节,UTC日期:10日05月17年,纬度 :4047.710度,UTC时间:01时35分23秒,经度:11141.699度,卫星数量:08个,海拔高度:1057米
纬度:4047.713度,UTC时间:01时35分24秒,经度:11141.698度,速度:013.1节,UTC日期:10日05月17年,纬度 :4047.713度,UTC时间:01时35分24秒,经度:11141.698度,卫星数量:08个,海拔高度:1057米
纬度:4047.716度,UTC时间:01时35分25秒,经度:11141.697度,速度:009.2节,UTC日期:10日05月17年,纬度 :4047.716度,UTC时间:01时35分25秒,经度:11141.697度,卫星数量:08个,海拔高度:1057米
纬度:4047.718度,UTC时间:01时35分26秒,经度:11141.696度,速度:004.5节,UTC日期:10日05月17年,纬度 :4047.718度,UTC时间:01时35分26秒,经度:11141.696度,卫星数量:08个,海拔高度:1057米
纬度:4047.719度,UTC时间:01时35分27秒,经度:11141.696度,速度:000.0节,UTC日期:10日05月17年,纬度 :4047.719度,UTC时间:01时35分27秒,经度:11141.696度,卫星数量:08个,海拔高度:1057米
纬度:4047.719度,UTC时间:01时35分28秒,经度:11141.696度,速度:000.0节,UTC日期:10日05月17年,纬度 :4047.719度,UTC时间:01时35分28秒,经度:11141.696度,卫星数量:08个,海拔高度:1057米
纬度:4047.719度,UTC时间:01时35分29秒,经度:11141.695度,速度:000.0节,UTC日期:10日05月17年,纬度 :4047.719度,UTC时间:01时35分29秒,经度:11141.695度,卫星数量:08个,海拔高度:1057米
纬度:4047.719度,UTC时间:01时35分30秒,经度:11141.695度,速度:000.0节,UTC日期:10日05月17年,纬度 :4047.719度,UTC时间:01时35分30秒,经度:11141.695度,卫星数量:07个,海拔高度:1057米
纬度:4047.719度,UTC时间:01时35分31秒,经度:11141.695度,速度:000.0节,UTC日期:10日05月17年,纬度 :4047.719度,UTC时间:01时35分31秒,经度:11141.695度,卫星数量:08个,海拔高度:1057米
纬度:4047.719度,UTC时间:01时35分32秒,经度:11141.695度,速度:000.0节,UTC日期:10日05月17年,纬度 :4047.719度,UTC时间:01时35分32秒,经度:11141.695度,卫星数量:08个,海拔高度:1057米
纬度:4047.719度,UTC时间:01时35分33秒,经度:11141.695度,速度:000.0节,UTC日期:10日05月17年,纬度 :4047.719度,UTC时间:01时35分33秒,经度:11141.695度,卫星数量:08个,海拔高度:1057米
纬度:4047.719度,UTC时间:01时35分34秒,经度:11141.695度,速度:000.0节,UTC日期:10日05月17年,纬度 :4047.719度,UTC时间:01时35分34秒,经度:11141.695度,卫星数量:08个,海拔高度:1057米
纬度:4047.719度,UTC时间:01时35分35秒,经度:11141.695度,速度:000.0节,UTC日期:10日05月17年,纬度 :4047.719度,UTC时间:01时35分35秒,经度:11141.695度,卫星数量:07个,海拔高度:1057米
纬度:4047.719度,UTC时间:01时35分36秒,经度:11141.695度,速度:000.0节,UTC日期:10日05月17年,纬度 :4047.719度,UTC时间:01时35分36秒,经度:11141.695度,卫星数量:07个,海拔高度:1057米
纬度:4047.719度,UTC时间:01时35分37秒,经度:11141.695度,速度:000.0节,UTC日期:10日05月17年,纬度 :4047.719度,UTC时间:01时35分37秒,经度:11141.695度,卫星数量:07个,海拔高度:1057米
纬度:4047.719度,UTC时间:01时35分38秒,经度:11141.695度,速度:000.0节,UTC日期:10日05月17年,纬度 :4047.719度,UTC时间:01时35分38秒,经度:11141.695度,卫星数量:07个,海拔高度:1057米
纬度:4047.719度,UTC时间:01时35分39秒,经度:11141.695度,速度:000.0节,UTC日期:10日05月17年,纬度 :4047.719度,UTC时间:01时35分39秒,经度:11141.695度,卫星数量:07个,海拔高度:1057米
纬度:4047.719度,UTC时间:01时35分40秒,经度:11141.695度,速度:000.0节,UTC日期:10日05月17年,纬度 :4047.719度,UTC时间:01时35分40秒,经度:11141.695度,卫星数量:07个,海拔高度:1057米
纬度:4047.719度,UTC时间:01时35分41秒,经度:11141.695度,速度:000.0节,UTC日期:10日05月17年,纬度 :4047.719度,UTC时间:01时35分41秒,经度:11141.695度,卫星数量:07个,海拔高度:1057米
纬度:4047.719度,UTC时间:01时35分42秒,经度:11141.695度,速度:000.0节,UTC日期:10日05月17年,纬度 :4047.719度,UTC时间:01时35分42秒,经度:11141.695度,卫星数量:07个,海拔高度:1057米
纬度:4047.719度,UTC时间:01时35分43秒,经度:11141.695度,速度:000.0节,UTC日期:10日05月17年,纬度 :4047.719度,UTC时间:01时35分43秒,经度:11141.695度,卫星数量:07个,海拔高度:1057米
纬度:4047.719度,UTC时间:01时35分44秒,经度:11141.695度,速度:000.0节,UTC日期:10日05月17年,纬度 :4047.719度,UTC时间:01时35分44秒,经度:11141.695度,卫星数量:07个,海拔高度:1057米
纬度:4047.719度,UTC时间:01时35分45秒,经度:11141.695度,速度:000.0节,UTC日期:10日05月17年,纬度 :4047.719度,UTC时间:01时35分45秒,经度:11141.695度,卫星数量:07个,海拔高度:1057米
纬度:4047.719度,UTC时间:01时35分46秒,经度:11141.695度,速度:000.0节,UTC日期:10日05月17年,纬度 :4047.719度,UTC时间:01时35分46秒,经度:11141.695度,卫星数量:07个,海拔高度:1057米
纬度:4047.719度,UTC时间:01时35分47秒,经度:11141.695度,速度:000.0节,UTC日期:10日05月17年,纬度 :4047.719度,UTC时间:01时35分47秒,经度:11141.695度,卫星数量:07个,海拔高度:1057米
纬度:4047.719度,UTC时间:01时35分48秒,经度:11141.695度,速度:000.0节,UTC日期:10日05月17年,纬度 :4047.719度,UTC时间:01时35分48秒,经度:11141.695度,卫星数量:07个,海拔高度:1057米
纬度:4047.719度,UTC时间:01时35分49秒,经度:11141.695度,速度:000.0节,UTC日期:10日05月17年,纬度 :4047.719度,UTC时间:01时35分49秒,经度:11141.695度,卫星数量:07个,海拔高度:1057米
纬度:4047.719度,UTC时间:01时35分50秒,经度:11141.695度,速度:000.0节,UTC日期:10日05月17年,纬度 :4047.719度,UTC时间:01时35分50秒,经度:11141.695度,卫星数量:07个,海拔高度:1057米
纬度:4047.719度,UTC时间:01时35分51秒,经度:11141.695度,速度:000.0节,UTC日期:10日05月17年,纬度 :4047.719度,UTC时间:01时35分51秒,经度:11141.695度,卫星数量:07个,海拔高度:1057米
纬度:4047.719度,UTC时间:01时35分52秒,经度:11141.695度,速度:000.0节,UTC日期:10日05月17年,纬度 :4047.719度,UTC时间:01时35分52秒,经度:11141.695度,卫星数量:07个,海拔高度:1057米
纬度:4047.719度,UTC时间:01时35分53秒,经度:11141.695度,速度:000.0节,UTC日期:10日05月17年,纬度 :4047.719度,UTC时间:01时35分53秒,经度:11141.695度,卫星数量:07个,海拔高度:1057米
纬度:4047.719度,UTC时间:01时35分54秒,经度:11141.695度,速度:000.0节,UTC日期:10日05月17年,纬度 :4047.719度,UTC时间:01时35分54秒,经度:11141.695度,卫星数量:08个,海拔高度:1057米
纬度:4047.719度,UTC时间:01时35分55秒,经度:11141.695度,速度:000.0节,UTC日期:10日05月17年,纬度 :4047.719度,UTC时间:01时35分55秒,经度:11141.695度,卫星数量:08个,海拔高度:1057米
纬度:4047.719度,UTC时间:01时35分56秒,经度:11141.695度,速度:000.0节,UTC日期:10日05月17年,纬度 :4047.719度,UTC时间:01时35分56秒,经度:11141.695度,卫星数量:08个,海拔高度:1057米
纬度:4047.719度,UTC时间:01时35分57秒,经度:11141.695度,速度:000.0节,UTC日期:10日05月17年,纬度 :4047.719度,UTC时间:01时35分57秒,经度:11141.695度,卫星数量:08个,海拔高度:1057米
纬度:4047.719度,UTC时间:01时35分58秒,经度:11141.695度,速度:000.0节,UTC日期:10日05月17年,纬度 :4047.719度,UTC时间:01时35分58秒,经度:11141.695度,卫星数量:08个,海拔高度:1057米
纬度:4047.719度,UTC时间:01时35分59秒,经度:11141.695度,速度:000.0节,UTC日期:10日05月17年,纬度 :4047.719度,UTC时间:01时35分59秒,经度:11141.695度,卫星数量:08个,海拔高度:1057米
纬度:4047.719度,UTC时间:01时36分00秒,经度:11141.695度,速度:000.0节,UTC日期:10日05月17年,纬度 :4047.719度,UTC时间:01时36分00秒,经度:11141.695度,卫星数量:09个,海拔高度:1057米
纬度:4047.719度,UTC时间:01时36分01秒,经度:11141.695度,速度:000.0节,UTC日期:10日05月17年,纬度 :4047.719度,UTC时间:01时36分01秒,经度:11141.695度,卫星数量:09个,海拔高度:1057米
纬度:4047.719度,UTC时间:01时36分02秒,经度:11141.695度,速度:000.0节,UTC日期:10日05月17年,纬度 :4047.719度,UTC时间:01时36分02秒,经度:11141.695度,卫星数量:09个,海拔高度:1057米
纬度:4047.719度,UTC时间:01时36分03秒,经度:11141.695度,速度:000.0节,UTC日期:10日05月17年,纬度 :4047.719度,UTC时间:01时36分03秒,经度:11141.695度,卫星数量:08个,海拔高度:1057米
纬度:4047.719度,UTC时间:01时36分04秒,经度:11141.695度,速度:000.0节,UTC日期:10日05月17年,纬度 :4047.719度,UTC时间:01时36分04秒,经度:11141.695度,卫星数量:08个,海拔高度:1057米
纬度:4047.719度,UTC时间:01时36分05秒,经度:11141.695度,速度:000.0节,UTC日期:10日05月17年,纬度 :4047.719度,UTC时间:01时36分05秒,经度:11141.695度,卫星数量:08个,海拔高度:1057米
纬度:4047.719度,UTC时间:01时36分06秒,经度:11141.695度,速度:000.0节,UTC日期:10日05月17年,纬度 :4047.719度,UTC时间:01时36分06秒,经度:11141.695度,卫星数量:08个,海拔高度:1057米
纬度:4047.719度,UTC时间:01时36分07秒,经度:11141.695度,速度:000.0节,UTC日期:10日05月17年,纬度 :4047.719度,UTC时间:01时36分07秒,经度:11141.695度,卫星数量:08个,海拔高度:1057米
纬度:4047.719度,UTC时间:01时36分08秒,经度:11141.695度,速度:000.0节,UTC日期:10日05月17年,纬度 :4047.719度,UTC时间:01时36分08秒,经度:11141.695度,卫星数量:08个,海拔高度:1057米
纬度:4047.719度,UTC时间:01时36分09秒,经度:11141.695度,速度:000.0节,UTC日期:10日05月17年,纬度 :4047.719度,UTC时间:01时36分09秒,经度:11141.695度,卫星数量:08个,海拔高度:1057米
纬度:4047.719度,UTC时间:01时36分10秒,经度:11141.695度,速度:000.0节,UTC日期:10日05月17年,纬度 :4047.719度,UTC时间:01时36分10秒,经度:11141.695度,卫星数量:08个,海拔高度:1057米
纬度:4047.719度,UTC时间:01时36分11秒,经度:11141.695度,速度:000.0节,UTC日期:10日05月17年,纬度 :4047.719度,UTC时间:01时36分11秒,经度:11141.695度,卫星数量:08个,海拔高度:1057米
纬度:4047.719度,UTC时间:01时36分12秒,经度:11141.695度,速度:000.0节,UTC日期:10日05月17年,纬度 :4047.719度,UTC时间:01时36分12秒,经度:11141.695度,卫星数量:08个,海拔高度:1057米
纬度:4047.719度,UTC时间:01时36分13秒,经度:11141.695度,速度:000.0节,UTC日期:10日05月17年,纬度 :4047.719度,UTC时间:01时36分13秒,经度:11141.695度,卫星数量:08个,海拔高度:1057米
纬度:4047.719度,UTC时间:01时36分14秒,经度:11141.695度,速度:000.0节,UTC日期:10日05月17年,纬度 :4047.719度,UTC时间:01时36分14秒,经度:11141.695度,卫星数量:08个,海拔高度:1057米
纬度:4047.719度,UTC时间:01时36分15秒,经度:11141.695度,速度:000.0节,UTC日期:10日05月17年,纬度 :4047.719度,UTC时间:01时36分15秒,经度:11141.695度,卫星数量:08个,海拔高度:1057米
纬度:4047.719度,UTC时间:01时36分16秒,经度:11141.695度,速度:000.0节,UTC日期:10日05月17年,纬度 :4047.719度,UTC时间:01时36分16秒,经度:11141.695度,卫星数量:08个,海拔高度:1057米
纬度:4047.719度,UTC时间:01时36分17秒,经度:11141.695度,速度:000.0节,UTC日期:10日05月17年,纬度 :4047.719度,UTC时间:01时36分17秒,经度:11141.695度,卫星数量:08个,海拔高度:1057米
纬度:4047.719度,UTC时间:01时36分18秒,经度:11141.695度,速度:000.0节,UTC日期:10日05月17年,纬度 :4047.719度,UTC时间:01时36分18秒,经度:11141.695度,卫星数量:08个,海拔高度:1057米
纬度:4047.719度,UTC时间:01时36分19秒,经度:11141.695度,速度:000.0节,UTC日期:10日05月17年,纬度 :4047.719度,UTC时间:01时36分19秒,经度:11141.695度,卫星数量:08个,海拔高度:1057米
纬度:4047.719度,UTC时间:01时36分20秒,经度:11141.695度,速度:000.0节,UTC日期:10日05月17年,纬度 :4047.719度,UTC时间:01时36分20秒,经度:11141.695度,卫星数量:08个,海拔高度:1057米
纬度:4047.719度,UTC时间:01时36分21秒,经度:11141.695度,速度:000.0节,UTC日期:10日05月17年,纬度 :4047.719度,UTC时间:01时36分21秒,经度:11141.695度,卫星数量:08个,海拔高度:1057米
纬度:4047.719度,UTC时间:01时36分22秒,经度:11141.695度,速度:000.0节,UTC日期:10日05月17年,纬度 :4047.719度,UTC时间:01时36分22秒,经度:11141.695度,卫星数量:08个,海拔高度:1057米
纬度:4047.719度,UTC时间:01时36分23秒,经度:11141.695度,速度:000.0节,UTC日期:10日05月17年,纬度 :4047.719度,UTC时间:01时36分23秒,经度:11141.695度,卫星数量:08个,海拔高度:1057米
纬度:4047.719度,UTC时间:01时36分24秒,经度:11141.695度,速度:000.0节,UTC日期:10日05月17年,纬度 :4047.719度,UTC时间:01时36分24秒,经度:11141.695度,卫星数量:09个,海拔高度:1057米
纬度:4047.719度,UTC时间:01时36分25秒,经度:11141.695度,速度:000.0节,UTC日期:10日05月17年,纬度 :4047.719度,UTC时间:01时36分25秒,经度:11141.695度,卫星数量:08个,海拔高度:1057米
纬度:4047.719度,UTC时间:01时36分26秒,经度:11141.695度,速度:000.0节,UTC日期:10日05月17年,纬度 :4047.719度,UTC时间:01时36分26秒,经度:11141.695度,卫星数量:09个,海拔高度:1057米
纬度:4047.719度,UTC时间:01时36分27秒,经度:11141.695度,速度:000.0节,UTC日期:10日05月17年,纬度 :4047.719度,UTC时间:01时36分27秒,经度:11141.695度,卫星数量:09个,海拔高度:1057米
纬度:4047.719度,UTC时间:01时36分28秒,经度:11141.695度,速度:000.0节,UTC日期:10日05月17年,纬度 :4047.719度,UTC时间:01时36分28秒,经度:11141.695度,卫星数量:09个,海拔高度:1057米
纬度:4047.719度,UTC时间:01时36分29秒,经度:11141.695度,速度:000.0节,UTC日期:10日05月17年,纬度 :4047.719度,UTC时间:01时36分29秒,经度:11141.695度,卫星数量:09个,海拔高度:1057米
纬度:4047.719度,UTC时间:01时36分30秒,经度:11141.695度,速度:000.0节,UTC日期:10日05月17年,纬度 :4047.719度,UTC时间:01时36分30秒,经度:11141.695度,卫星数量:10个,海拔高度:1057米
纬度:4047.719度,UTC时间:01时36分31秒,经度:11141.695度,速度:000.0节,UTC日期:10日05月17年,纬度 :4047.719度,UTC时间:01时36分31秒,经度:11141.695度,卫星数量:09个,海拔高度:1057米
纬度:4047.719度,UTC时间:01时36分32秒,经度:11141.695度,速度:000.0节,UTC日期:10日05月17年,纬度 :4047.719度,UTC时间:01时36分32秒,经度:11141.695度,卫星数量:09个,海拔高度:1057米
纬度:4047.719度,UTC时间:01时36分33秒,经度:11141.695度,速度:000.0节,UTC日期:10日05月17年,纬度 :4047.719度,UTC时间:01时36分33秒,经度:11141.695度,卫星数量:09个,海拔高度:1057米
纬度:4047.719度,UTC时间:01时36分34秒,经度:11141.695度,速度:000.0节,UTC日期:10日05月17年,纬度 :4047.719度,UTC时间:01时36分34秒,经度:11141.695度,卫星数量:09个,海拔高度:1057米
纬度:4047.719度,UTC时间:01时36分35秒,经度:11141.695度,速度:000.0节,UTC日期:10日05月17年,纬度 :4047.719度,UTC时间:01时36分35秒,经度:11141.695度,卫星数量:09个,海拔高度:1057米
纬度:4047.719度,UTC时间:01时36分36秒,经度:11141.695度,速度:000.0节,UTC日期:10日05月17年,纬度 :4047.719度,UTC时间:01时36分36秒,经度:11141.695度,卫星数量:09个,海拔高度:1057米
纬度:4047.719度,UTC时间:01时36分37秒,经度:11141.695度,速度:000.0节,UTC日期:10日05月17年,纬度 :4047.719度,UTC时间:01时36分37秒,经度:11141.695度,卫星数量:09个,海拔高度:1057米
纬度:4047.719度,UTC时间:01时36分38秒,经度:11141.695度,速度:000.0节,UTC日期:10日05月17年,纬度 :4047.719度,UTC时间:01时36分38秒,经度:11141.695度,卫星数量:09个,海拔高度:1057米
纬度:4047.719度,UTC时间:01时36分39秒,经度:11141.695度,速度:000.0节,UTC日期:10日05月17年,纬度 :4047.719度,UTC时间:01时36分39秒,经度:11141.695度,卫星数量:09个,海拔高度:1057米
纬度:4047.719度,UTC时间:01时36分40秒,经度:11141.695度,速度:000.0节,UTC日期:10日05月17年,纬度 :4047.719度,UTC时间:01时36分40秒,经度:11141.695度,卫星数量:09个,海拔高度:1057米
纬度:4047.719度,UTC时间:01时36分41秒,经度:11141.695度,速度:000.0节,UTC日期:10日05月17年,纬度 :4047.719度,UTC时间:01时36分41秒,经度:11141.695度,卫星数量:09个,海拔高度:1057米
纬度:4047.719度,UTC时间:01时36分42秒,经度:11141.695度,速度:000.0节,UTC日期:10日05月17年,纬度 :4047.719度,UTC时间:01时36分42秒,经度:11141.695度,卫星数量:09个,海拔高度:1057米
纬度:4047.719度,UTC时间:01时36分43秒,经度:11141.695度,速度:000.0节,UTC日期:10日05月17年,纬度 :4047.719度,UTC时间:01时36分43秒,经度:11141.695度,卫星数量:09个,海拔高度:1057米
纬度:4047.719度,UTC时间:01时36分44秒,经度:11141.695度,速度:000.0节,UTC日期:10日05月17年,纬度 :4047.719度,UTC时间:01时36分44秒,经度:11141.695度,卫星数量:09个,海拔高度:1057米
纬度:4047.719度,UTC时间:01时36分45秒,经度:11141.695度,速度:000.0节,UTC日期:10日05月17年,纬度 :4047.719度,UTC时间:01时36分45秒,经度:11141.695度,卫星数量:09个,海拔高度:1057米
纬度:4047.719度,UTC时间:01时36分46秒,经度:11141.695度,速度:000.0节,UTC日期:10日05月17年,纬度 :4047.719度,UTC时间:01时36分46秒,经度:11141.695度,卫星数量:09个,海拔高度:1057米
纬度:4047.719度,UTC时间:01时36分47秒,经度:11141.695度,速度:000.0节,UTC日期:10日05月17年,纬度 :4047.719度,UTC时间:01时36分47秒,经度:11141.695度,卫星数量:10个,海拔高度:1057米
纬度:4047.719度,UTC时间:01时36分48秒,经度:11141.695度,速度:000.0节,UTC日期:10日05月17年,纬度 :4047.719度,UTC时间:01时36分48秒,经度:11141.695度,卫星数量:10个,海拔高度:1057米
纬度:4047.719度,UTC时间:01时36分49秒,经度:11141.695度,速度:000.0节,UTC日期:10日05月17年,纬度 :4047.719度,UTC时间:01时36分49秒,经度:11141.695度,卫星数量:10个,海拔高度:1057米
纬度:4047.719度,UTC时间:01时36分50秒,经度:11141.695度,速度:000.0节,UTC日期:10日05月17年,纬度 :4047.719度,UTC时间:01时36分50秒,经度:11141.695度,卫星数量:10个,海拔高度:1057米
纬度:4047.719度,UTC时间:01时36分51秒,经度:11141.695度,速度:000.0节,UTC日期:10日05月17年,纬度 :4047.719度,UTC时间:01时36分51秒,经度:11141.695度,卫星数量:10个,海拔高度:1057米
纬度:4047.719度,UTC时间:01时36分52秒,经度:11141.695度,速度:000.0节,UTC日期:10日05月17年,纬度 :4047.719度,UTC时间:01时36分52秒,经度:11141.695度,卫星数量:10个,海拔高度:1057米
纬度:4047.719度,UTC时间:01时36分53秒,经度:11141.695度,速度:000.0节,UTC日期:10日05月17年,纬度 :4047.719度,UTC时间:01时36分53秒,经度:11141.695度,卫星数量:10个,海拔高度:1057米
纬度:4047.719度,UTC时间:01时36分54秒,经度:11141.695度,速度:000.0节,UTC日期:10日05月17年,纬度 :4047.719度,UTC时间:01时36分54秒,经度:11141.695度,卫星数量:10个,海拔高度:1057米
纬度:4047.719度,UTC时间:01时36分55秒,经度:11141.695度,速度:000.0节,UTC日期:10日05月17年,纬度 :4047.719度,UTC时间:01时36分55秒,经度:11141.695度,卫星数量:10个,海拔高度:1057米
纬度:4047.719度,UTC时间:01时36分56秒,经度:11141.695度,速度:000.0节,UTC日期:10日05月17年,纬度 :4047.719度,UTC时间:01时36分56秒,经度:11141.695度,卫星数量:10个,海拔高度:1057米
纬度:4047.719度,UTC时间:01时36分57秒,经度:11141.695度,速度:000.0节,UTC日期:10日05月17年,纬度 :4047.719度,UTC时间:01时36分57秒,经度:11141.695度,卫星数量:10个,海拔高度:1057米
纬度:4047.719度,UTC时间:01时36分58秒,经度:11141.695度,速度:000.0节,UTC日期:10日05月17年,纬度 :4047.719度,UTC时间:01时36分58秒,经度:11141.695度,卫星数量:10个,海拔高度:1057米
纬度:4047.719度,UTC时间:01时36分59秒,经度:11141.695度,速度:000.0节,UTC日期:10日05月17年,纬度 :4047.719度,UTC时间:01时36分59秒,经度:11141.695度,卫星数量:10个,海拔高度:1057米
纬度:4047.719度,UTC时间:01时37分00秒,经度:11141.695度,速度:000.0节,UTC日期:10日05月17年,纬度 :4047.719度,UTC时间:01时37分00秒,经度:11141.695度,卫星数量:10个,海拔高度:1057米
纬度:4047.719度,UTC时间:01时37分01秒,经度:11141.695度,速度:000.0节,UTC日期:10日05月17年,纬度 :4047.719度,UTC时间:01时37分01秒,经度:11141.695度,卫星数量:10个,海拔高度:1057米
纬度:4047.719度,UTC时间:01时37分02秒,经度:11141.695度,速度:000.0节,UTC日期:10日05月17年,纬度 :4047.719度,UTC时间:01时37分02秒,经度:11141.695度,卫星数量:10个,海拔高度:1057米
纬度:4047.719度,UTC时间:01时37分03秒,经度:11141.695度,速度:000.0节,UTC日期:10日05月17年,纬度 :4047.719度,UTC时间:01时37分03秒,经度:11141.695度,卫星数量:10个,海拔高度:1057米
纬度:4047.719度,UTC时间:01时37分04秒,经度:11141.695度,速度:000.0节,UTC日期:10日05月17年,纬度 :4047.719度,UTC时间:01时37分04秒,经度:11141.695度,卫星数量:10个,海拔高度:1057米
纬度:4047.722度,UTC时间:01时37分05秒,经度:11141.691度,速度:003.5节,UTC日期:10日05月17年,纬度 :4047.722度,UTC时间:01时37分05秒,经度:11141.691度,卫星数量:09个,海拔高度:1053米
纬度:4047.724度,UTC时间:01时37分06秒,经度:11141.690度,速度:007.8节,UTC日期:10日05月17年,纬度 :4047.724度,UTC时间:01时37分06秒,经度:11141.690度,卫星数量:10个,海拔高度:1053米
纬度:4047.726度,UTC时间:01时37分07秒,经度:11141.688度,速度:011.0节,UTC日期:10日05月17年,纬度 :4047.726度,UTC时间:01时37分07秒,经度:11141.688度,卫星数量:10个,海拔高度:1054米
纬度:4047.730度,UTC时间:01时37分08秒,经度:11141.687度,速度:013.0节,UTC日期:10日05月17年,纬度 :4047.730度,UTC时间:01时37分08秒,经度:11141.687度,卫星数量:10个,海拔高度:1054米
纬度:4047.733度,UTC时间:01时37分09秒,经度:11141.685度,速度:014.8节,UTC日期:10日05月17年,纬度 :4047.733度,UTC时间:01时37分09秒,经度:11141.685度,卫星数量:10个,海拔高度:1054米
纬度:4047.737度,UTC时间:01时37分10秒,经度:11141.682度,速度:015.9节,UTC日期:10日05月17年,纬度 :4047.737度,UTC时间:01时37分10秒,经度:11141.682度,卫星数量:10个,海拔高度:1054米
纬度:4047.742度,UTC时间:01时37分11秒,经度:11141.680度,速度:016.0节,UTC日期:10日05月17年,纬度 :4047.742度,UTC时间:01时37分11秒,经度:11141.680度,卫星数量:10个,海拔高度:1054米
纬度:4047.746度,UTC时间:01时37分12秒,经度:11141.678度,速度:016.2节,UTC日期:10日05月17年,纬度 :4047.746度,UTC时间:01时37分12秒,经度:11141.678度,卫星数量:10个,海拔高度:1054米
纬度:4047.750度,UTC时间:01时37分13秒,经度:11141.676度,速度:017.8节,UTC日期:10日05月17年,纬度 :4047.750度,UTC时间:01时37分13秒,经度:11141.676度,卫星数量:10个,海拔高度:1055米
纬度:4047.755度,UTC时间:01时37分14秒,经度:11141.673度,速度:018.1节,UTC日期:10日05月17年,纬度 :4047.755度,UTC时间:01时37分14秒,经度:11141.673度,卫星数量:10个,海拔高度:1055米
纬度:4047.760度,UTC时间:01时37分15秒,经度:11141.670度,速度:019.6节,UTC日期:10日05月17年,纬度 :4047.760度,UTC时间:01时37分15秒,经度:11141.670度,卫星数量:09个,海拔高度:1056米
纬度:4047.765度,UTC时间:01时37分16秒,经度:11141.668度,速度:020.3节,UTC日期:10日05月17年,纬度 :4047.765度,UTC时间:01时37分16秒,经度:11141.668度,卫星数量:10个,海拔高度:1056米
纬度:4047.770度,UTC时间:01时37分17秒,经度:11141.665度,速度:020.1节,UTC日期:10日05月17年,纬度 :4047.770度,UTC时间:01时37分17秒,经度:11141.665度,卫星数量:09个,海拔高度:1056米
纬度:4047.776度,UTC时间:01时37分18秒,经度:11141.663度,速度:020.0节,UTC日期:10日05月17年,纬度 :4047.776度,UTC时间:01时37分18秒,经度:11141.663度,卫星数量:09个,海拔高度:1056米
纬度:4047.781度,UTC时间:01时37分19秒,经度:11141.660度,速度:020.8节,UTC日期:10日05月17年,纬度 :4047.781度,UTC时间:01时37分19秒,经度:11141.660度,卫星数量:09个,海拔高度:1057米
纬度:4047.787度,UTC时间:01时37分20秒,经度:11141.658度,速度:021.8节,UTC日期:10日05月17年,纬度 :4047.787度,UTC时间:01时37分20秒,经度:11141.658度,卫星数量:10个,海拔高度:1057米
纬度:4047.793度,UTC时间:01时37分21秒,经度:11141.656度,速度:022.9节,UTC日期:10日05月17年,纬度 :4047.793度,UTC时间:01时37分21秒,经度:11141.656度,卫星数量:10个,海拔高度:1057米
纬度:4047.800度,UTC时间:01时37分22秒,经度:11141.653度,速度:023.5节,UTC日期:10日05月17年,纬度 :4047.800度,UTC时间:01时37分22秒,经度:11141.653度,卫星数量:10个,海拔高度:1058米
纬度:4047.806度,UTC时间:01时37分23秒,经度:11141.650度,速度:023.8节,UTC日期:10日05月17年,纬度 :4047.806度,UTC时间:01时37分23秒,经度:11141.650度,卫星数量:10个,海拔高度:1059米
纬度:4047.813度,UTC时间:01时37分24秒,经度:11141.648度,速度:023.1节,UTC日期:10日05月17年,纬度 :4047.813度,UTC时间:01时37分24秒,经度:11141.648度,卫星数量:09个,海拔高度:1059米
纬度:4047.818度,UTC时间:01时37分25秒,经度:11141.646度,速度:020.1节,UTC日期:10日05月17年,纬度 :4047.818度,UTC时间:01时37分25秒,经度:11141.646度,卫星数量:10个,海拔高度:1060米
纬度:4047.823度,UTC时间:01时37分26秒,经度:11141.645度,速度:015.3节,UTC日期:10日05月17年,纬度 :4047.823度,UTC时间:01时37分26秒,经度:11141.645度,卫星数量:09个,海拔高度:1060米
纬度:4047.827度,UTC时间:01时37分27秒,经度:11141.644度,速度:012.5节,UTC日期:10日05月17年,纬度 :4047.827度,UTC时间:01时37分27秒,经度:11141.644度,卫星数量:10个,海拔高度:1060米
纬度:4047.830度,UTC时间:01时37分28秒,经度:11141.642度,速度:010.5节,UTC日期:10日05月17年,纬度 :4047.830度,UTC时间:01时37分28秒,经度:11141.642度,卫星数量:10个,海拔高度:1060米
纬度:4047.832度,UTC时间:01时37分29秒,经度:11141.641度,速度:008.3节,UTC日期:10日05月17年,纬度 :4047.832度,UTC时间:01时37分29秒,经度:11141.641度,卫星数量:10个,海拔高度:1060米
纬度:4047.834度,UTC时间:01时37分30秒,经度:11141.640度,速度:006.9节,UTC日期:10日05月17年,纬度 :4047.834度,UTC时间:01时37分30秒,经度:11141.640度,卫星数量:10个,海拔高度:1060米
纬度:4047.836度,UTC时间:01时37分31秒,经度:11141.639度,速度:006.6节,UTC日期:10日05月17年,纬度 :4047.836度,UTC时间:01时37分31秒,经度:11141.639度,卫星数量:09个,海拔高度:1061米
纬度:4047.838度,UTC时间:01时37分32秒,经度:11141.638度,速度:008.6节,UTC日期:10日05月17年,纬度 :4047.838度,UTC时间:01时37分32秒,经度:11141.638度,卫星数量:10个,海拔高度:1061米
纬度:4047.840度,UTC时间:01时37分33秒,经度:11141.637度,速度:011.8节,UTC日期:10日05月17年,纬度 :4047.840度,UTC时间:01时37分33秒,经度:11141.637度,卫星数量:09个,海拔高度:1061米
纬度:4047.844度,UTC时间:01时37分34秒,经度:11141.635度,速度:014.5节,UTC日期:10日05月17年,纬度 :4047.844度,UTC时间:01时37分34秒,经度:11141.635度,卫星数量:10个,海拔高度:1061米
纬度:4047.848度,UTC时间:01时37分35秒,经度:11141.633度,速度:015.4节,UTC日期:10日05月17年,纬度 :4047.848度,UTC时间:01时37分35秒,经度:11141.633度,卫星数量:09个,海拔高度:1061米
纬度:4047.853度,UTC时间:01时37分36秒,经度:11141.630度,速度:017.5节,UTC日期:10日05月17年,纬度 :4047.853度,UTC时间:01时37分36秒,经度:11141.630度,卫星数量:09个,海拔高度:1061米
纬度:4047.857度,UTC时间:01时37分37秒,经度:11141.628度,速度:018.4节,UTC日期:10日05月17年,纬度 :4047.857度,UTC时间:01时37分37秒,经度:11141.628度,卫星数量:09个,海拔高度:1061米
纬度:4047.862度,UTC时间:01时37分38秒,经度:11141.626度,速度:018.4节,UTC日期:10日05月17年,纬度 :4047.862度,UTC时间:01时37分38秒,经度:11141.626度,卫星数量:09个,海拔高度:1061米
纬度:4047.867度,UTC时间:01时37分39秒,经度:11141.623度,速度:019.0节,UTC日期:10日05月17年,纬度 :4047.867度,UTC时间:01时37分39秒,经度:11141.623度,卫星数量:09个,海拔高度:1061米
纬度:4047.873度,UTC时间:01时37分40秒,经度:11141.621度,速度:018.7节,UTC日期:10日05月17年,纬度 :4047.873度,UTC时间:01时37分40秒,经度:11141.621度,卫星数量:09个,海拔高度:1062米
纬度:4047.878度,UTC时间:01时37分41秒,经度:11141.619度,速度:018.7节,UTC日期:10日05月17年,纬度 :4047.878度,UTC时间:01时37分41秒,经度:11141.619度,卫星数量:09个,海拔高度:1062米
纬度:4047.883度,UTC时间:01时37分42秒,经度:11141.617度,速度:019.3节,UTC日期:10日05月17年,纬度 :4047.883度,UTC时间:01时37分42秒,经度:11141.617度,卫星数量:10个,海拔高度:1062米
纬度:4047.889度,UTC时间:01时37分43秒,经度:11141.615度,速度:019.8节,UTC日期:10日05月17年,纬度 :4047.889度,UTC时间:01时37分43秒,经度:11141.615度,卫星数量:10个,海拔高度:1062米
纬度:4047.894度,UTC时间:01时37分44秒,经度:11141.612度,速度:019.5节,UTC日期:10日05月17年,纬度 :4047.894度,UTC时间:01时37分44秒,经度:11141.612度,卫星数量:10个,海拔高度:1062米
纬度:4047.899度,UTC时间:01时37分45秒,经度:11141.610度,速度:019.0节,UTC日期:10日05月17年,纬度 :4047.899度,UTC时间:01时37分45秒,经度:11141.610度,卫星数量:09个,海拔高度:1062米
纬度:4047.904度,UTC时间:01时37分46秒,经度:11141.607度,速度:018.7节,UTC日期:10日05月17年,纬度 :4047.904度,UTC时间:01时37分46秒,经度:11141.607度,卫星数量:10个,海拔高度:1062米
纬度:4047.909度,UTC时间:01时37分47秒,经度:11141.605度,速度:019.0节,UTC日期:10日05月17年,纬度 :4047.909度,UTC时间:01时37分47秒,经度:11141.605度,卫星数量:10个,海拔高度:1062米
纬度:4047.914度,UTC时间:01时37分48秒,经度:11141.603度,速度:017.5节,UTC日期:10日05月17年,纬度 :4047.914度,UTC时间:01时37分48秒,经度:11141.603度,卫星数量:10个,海拔高度:1062米
纬度:4047.919度,UTC时间:01时37分49秒,经度:11141.601度,速度:016.6节,UTC日期:10日05月17年,纬度 :4047.919度,UTC时间:01时37分49秒,经度:11141.601度,卫星数量:10个,海拔高度:1062米
纬度:4047.923度,UTC时间:01时37分50秒,经度:11141.599度,速度:015.5节,UTC日期:10日05月17年,纬度 :4047.923度,UTC时间:01时37分50秒,经度:11141.599度,卫星数量:10个,海拔高度:1063米
纬度:4047.927度,UTC时间:01时37分51秒,经度:11141.597度,速度:014.4节,UTC日期:10日05月17年,纬度 :4047.927度,UTC时间:01时37分51秒,经度:11141.597度,卫星数量:10个,海拔高度:1063米
纬度:4047.930度,UTC时间:01时37分52秒,经度:11141.594度,速度:013.3节,UTC日期:10日05月17年,纬度 :4047.930度,UTC时间:01时37分52秒,经度:11141.594度,卫星数量:09个,海拔高度:1064米
纬度:4047.934度,UTC时间:01时37分53秒,经度:11141.593度,速度:012.3节,UTC日期:10日05月17年,纬度 :4047.934度,UTC时间:01时37分53秒,经度:11141.593度,卫星数量:09个,海拔高度:1064米
纬度:4047.937度,UTC时间:01时37分54秒,经度:11141.591度,速度:011.1节,UTC日期:10日05月17年,纬度 :4047.937度,UTC时间:01时37分54秒,经度:11141.591度,卫星数量:09个,海拔高度:1064米
纬度:4047.939度,UTC时间:01时37分55秒,经度:11141.590度,速度:009.8节,UTC日期:10日05月17年,纬度 :4047.939度,UTC时间:01时37分55秒,经度:11141.590度,卫星数量:09个,海拔高度:1064米
纬度:4047.942度,UTC时间:01时37分56秒,经度:11141.589度,速度:009.5节,UTC日期:10日05月17年,纬度 :4047.942度,UTC时间:01时37分56秒,经度:11141.589度,卫星数量:09个,海拔高度:1063米
纬度:4047.945度,UTC时间:01时37分57秒,经度:11141.587度,速度:010.2节,UTC日期:10日05月17年,纬度 :4047.945度,UTC时间:01时37分57秒,经度:11141.587度,卫星数量:09个,海拔高度:1063米
纬度:4047.947度,UTC时间:01时37分58秒,经度:11141.587度,速度:010.0节,UTC日期:10日05月17年,纬度 :4047.947度,UTC时间:01时37分58秒,经度:11141.587度,卫星数量:10个,海拔高度:1063米
纬度:4047.950度,UTC时间:01时37分59秒,经度:11141.586度,速度:008.6节,UTC日期:10日05月17年,纬度 :4047.950度,UTC时间:01时37分59秒,经度:11141.586度,卫星数量:10个,海拔高度:1063米
纬度:4047.952度,UTC时间:01时38分00秒,经度:11141.586度,速度:007.9节,UTC日期:10日05月17年,纬度 :4047.952度,UTC时间:01时38分00秒,经度:11141.586度,卫星数量:10个,海拔高度:1062米
纬度:4047.955度,UTC时间:01时38分01秒,经度:11141.585度,速度:008.6节,UTC日期:10日05月17年,纬度 :4047.955度,UTC时间:01时38分01秒,经度:11141.585度,卫星数量:10个,海拔高度:1062米
纬度:4047.957度,UTC时间:01时38分02秒,经度:11141.584度,速度:009.3节,UTC日期:10日05月17年,纬度 :4047.957度,UTC时间:01时38分02秒,经度:11141.584度,卫星数量:10个,海拔高度:1062米
纬度:4047.959度,UTC时间:01时38分03秒,经度:11141.583度,速度:008.0节,UTC日期:10日05月17年,纬度 :4047.959度,UTC时间:01时38分03秒,经度:11141.583度,卫星数量:10个,海拔高度:1062米
纬度:4047.961度,UTC时间:01时38分04秒,经度:11141.582度,速度:006.9节,UTC日期:10日05月17年,纬度 :4047.961度,UTC时间:01时38分04秒,经度:11141.582度,卫星数量:10个,海拔高度:1062米
纬度:4047.963度,UTC时间:01时38分05秒,经度:11141.582度,速度:004.5节,UTC日期:10日05月17年,纬度 :4047.963度,UTC时间:01时38分05秒,经度:11141.582度,卫星数量:10个,海拔高度:1062米
纬度:4047.964度,UTC时间:01时38分06秒,经度:11141.581度,速度:003.2节,UTC日期:10日05月17年,纬度 :4047.964度,UTC时间:01时38分06秒,经度:11141.581度,卫星数量:10个,海拔高度:1062米
纬度:4047.964度,UTC时间:01时38分07秒,经度:11141.582度,速度:002.2节,UTC日期:10日05月17年,纬度 :4047.964度,UTC时间:01时38分07秒,经度:11141.582度,卫星数量:10个,海拔高度:1063米
纬度:4047.965度,UTC时间:01时38分08秒,经度:11141.581度,速度:000.1节,UTC日期:10日05月17年,纬度 :4047.965度,UTC时间:01时38分08秒,经度:11141.581度,卫星数量:10个,海拔高度:1063米
纬度:4047.965度,UTC时间:01时38分09秒,经度:11141.581度,速度:000.0节,UTC日期:10日05月17年,纬度 :4047.965度,UTC时间:01时38分09秒,经度:11141.581度,卫星数量:10个,海拔高度:1063米
纬度:4047.966度,UTC时间:01时38分10秒,经度:11141.580度,速度:000.0节,UTC日期:10日05月17年,纬度 :4047.966度,UTC时间:01时38分10秒,经度:11141.580度,卫星数量:10个,海拔高度:1064米
纬度:4047.966度,UTC时间:01时38分11秒,经度:11141.580度,速度:000.0节,UTC日期:10日05月17年,纬度 :4047.966度,UTC时间:01时38分11秒,经度:11141.580度,卫星数量:10个,海拔高度:1064米
纬度:4047.966度,UTC时间:01时38分12秒,经度:11141.580度,速度:000.0节,UTC日期:10日05月17年,纬度 :4047.966度,UTC时间:01时38分12秒,经度:11141.580度,卫星数量:09个,海拔高度:1064米
纬度:4047.966度,UTC时间:01时38分13秒,经度:11141.580度,速度:000.0节,UTC日期:10日05月17年,纬度 :4047.966度,UTC时间:01时38分13秒,经度:11141.580度,卫星数量:09个,海拔高度:1064米
纬度:4047.966度,UTC时间:01时38分14秒,经度:11141.580度,速度:000.0节,UTC日期:10日05月17年,纬度 :4047.966度,UTC时间:01时38分14秒,经度:11141.580度,卫星数量:09个,海拔高度:1064米
纬度:4047.966度,UTC时间:01时38分15秒,经度:11141.580度,速度:000.0节,UTC日期:10日05月17年,纬度 :4047.966度,UTC时间:01时38分15秒,经度:11141.580度,卫星数量:09个,海拔高度:1064米
纬度:4047.966度,UTC时间:01时38分16秒,经度:11141.580度,速度:000.0节,UTC日期:10日05月17年,纬度 :4047.966度,UTC时间:01时38分16秒,经度:11141.580度,卫星数量:09个,海拔高度:1064米
纬度:4047.966度,UTC时间:01时38分17秒,经度:11141.580度,速度:000.0节,UTC日期:10日05月17年,纬度 :4047.966度,UTC时间:01时38分17秒,经度:11141.580度,卫星数量:09个,海拔高度:1064米
纬度:4047.966度,UTC时间:01时38分18秒,经度:11141.580度,速度:000.0节,UTC日期:10日05月17年,纬度 :4047.966度,UTC时间:01时38分18秒,经度:11141.580度,卫星数量:09个,海拔高度:1064米
纬度:4047.967度,UTC时间:01时38分19秒,经度:11141.580度,速度:001.6节,UTC日期:10日05月17年,纬度 :4047.967度,UTC时间:01时38分19秒,经度:11141.580度,卫星数量:09个,海拔高度:1064米
纬度:4047.967度,UTC时间:01时38分20秒,经度:11141.579度,速度:002.5节,UTC日期:10日05月17年,纬度 :4047.967度,UTC时间:01时38分20秒,经度:11141.579度,卫星数量:09个,海拔高度:1064米
纬度:4047.969度,UTC时间:01时38分21秒,经度:11141.579度,速度:002.9节,UTC日期:10日05月17年,纬度 :4047.969度,UTC时间:01时38分21秒,经度:11141.579度,卫星数量:10个,海拔高度:1064米
纬度:4047.970度,UTC时间:01时38分22秒,经度:11141.579度,速度:002.2节,UTC日期:10日05月17年,纬度 :4047.970度,UTC时间:01时38分22秒,经度:11141.579度,卫星数量:10个,海拔高度:1064米
纬度:4047.970度,UTC时间:01时38分23秒,经度:11141.578度,速度:000.8节,UTC日期:10日05月17年,纬度 :4047.970度,UTC时间:01时38分23秒,经度:11141.578度,卫星数量:10个,海拔高度:1064米
纬度:4047.970度,UTC时间:01时38分24秒,经度:11141.578度,速度:000.0节,UTC日期:10日05月17年,纬度 :4047.970度,UTC时间:01时38分24秒,经度:11141.578度,卫星数量:10个,海拔高度:1064米
纬度:4047.971度,UTC时间:01时38分25秒,经度:11141.578度,速度:000.0节,UTC日期:10日05月17年,纬度 :4047.971度,UTC时间:01时38分25秒,经度:11141.578度,卫星数量:10个,海拔高度:1064米
纬度:4047.971度,UTC时间:01时38分26秒,经度:11141.578度,速度:000.0节,UTC日期:10日05月17年,纬度 :4047.971度,UTC时间:01时38分26秒,经度:11141.578度,卫星数量:10个,海拔高度:1064米
纬度:4047.971度,UTC时间:01时38分27秒,经度:11141.578度,速度:000.0节,UTC日期:10日05月17年,纬度 :4047.971度,UTC时间:01时38分27秒,经度:11141.578度,卫星数量:10个,海拔高度:1064米
纬度:4047.971度,UTC时间:01时38分28秒,经度:11141.578度,速度:000.0节,UTC日期:10日05月17年,纬度 :4047.971度,UTC时间:01时38分28秒,经度:11141.578度,卫星数量:10个,海拔高度:1064米
纬度:4047.971度,UTC时间:01时38分29秒,经度:11141.578度,速度:000.0节,UTC日期:10日05月17年,纬度 :4047.971度,UTC时间:01时38分29秒,经度:11141.578度,卫星数量:10个,海拔高度:1064米
纬度:4047.971度,UTC时间:01时38分30秒,经度:11141.578度,速度:000.0节,UTC日期:10日05月17年,纬度 :4047.971度,UTC时间:01时38分30秒,经度:11141.578度,卫星数量:10个,海拔高度:1064米
纬度:4047.971度,UTC时间:01时38分31秒,经度:11141.578度,速度:000.0节,UTC日期:10日05月17年,纬度 :4047.971度,UTC时间:01时38分31秒,经度:11141.578度,卫星数量:10个,海拔高度:1064米
纬度:4047.971度,UTC时间:01时38分32秒,经度:11141.578度,速度:000.0节,UTC日期:10日05月17年,纬度 :4047.971度,UTC时间:01时38分32秒,经度:11141.578度,卫星数量:10个,海拔高度:1064米
纬度:4047.971度,UTC时间:01时38分33秒,经度:11141.578度,速度:000.0节,UTC日期:10日05月17年,纬度 :4047.971度,UTC时间:01时38分33秒,经度:11141.578度,卫星数量:10个,海拔高度:1064米
纬度:4047.971度,UTC时间:01时38分34秒,经度:11141.578度,速度:000.0节,UTC日期:10日05月17年,纬度 :4047.971度,UTC时间:01时38分34秒,经度:11141.578度,卫星数量:10个,海拔高度:1064米
纬度:4047.971度,UTC时间:01时38分35秒,经度:11141.578度,速度:000.0节,UTC日期:10日05月17年,纬度 :4047.971度,UTC时间:01时38分35秒,经度:11141.578度,卫星数量:10个,海拔高度:1064米
纬度:4047.971度,UTC时间:01时38分36秒,经度:11141.578度,速度:000.0节,UTC日期:10日05月17年,纬度 :4047.971度,UTC时间:01时38分36秒,经度:11141.578度,卫星数量:10个,海拔高度:1064米
纬度:4047.972度,UTC时间:01时38分37秒,经度:11141.578度,速度:001.2节,UTC日期:10日05月17年,纬度 :4047.972度,UTC时间:01时38分37秒,经度:11141.578度,卫星数量:10个,海拔高度:1064米
纬度:4047.972度,UTC时间:01时38分38秒,经度:11141.578度,速度:001.6节,UTC日期:10日05月17年,纬度 :4047.972度,UTC时间:01时38分38秒,经度:11141.578度,卫星数量:10个,海拔高度:1064米
纬度:4047.973度,UTC时间:01时38分39秒,经度:11141.578度,速度:001.4节,UTC日期:10日05月17年,纬度 :4047.973度,UTC时间:01时38分39秒,经度:11141.578度,卫星数量:10个,海拔高度:1064米
纬度:4047.973度,UTC时间:01时38分40秒,经度:11141.577度,速度:001.5节,UTC日期:10日05月17年,纬度 :4047.973度,UTC时间:01时38分40秒,经度:11141.577度,卫星数量:10个,海拔高度:1064米
纬度:4047.974度,UTC时间:01时38分41秒,经度:11141.577度,速度:001.7节,UTC日期:10日05月17年,纬度 :4047.974度,UTC时间:01时38分41秒,经度:11141.577度,卫星数量:10个,海拔高度:1064米
纬度:4047.974度,UTC时间:01时38分42秒,经度:11141.577度,速度:001.5节,UTC日期:10日05月17年,纬度 :4047.974度,UTC时间:01时38分42秒,经度:11141.577度,卫星数量:09个,海拔高度:1064米
纬度:4047.975度,UTC时间:01时38分43秒,经度:11141.577度,速度:001.0节,UTC日期:10日05月17年,纬度 :4047.975度,UTC时间:01时38分43秒,经度:11141.577度,卫星数量:09个,海拔高度:1064米
纬度:4047.975度,UTC时间:01时38分44秒,经度:11141.577度,速度:000.7节,UTC日期:10日05月17年,纬度 :4047.975度,UTC时间:01时38分44秒,经度:11141.577度,卫星数量:09个,海拔高度:1064米
纬度:4047.975度,UTC时间:01时38分45秒,经度:11141.577度,速度:000.4节,UTC日期:10日05月17年,纬度 :4047.975度,UTC时间:01时38分45秒,经度:11141.577度,卫星数量:10个,海拔高度:1064米
纬度:4047.975度,UTC时间:01时38分46秒,经度:11141.577度,速度:000.4节,UTC日期:10日05月17年,纬度 :4047.975度,UTC时间:01时38分46秒,经度:11141.577度,卫星数量:09个,海拔高度:1063米
纬度:4047.975度,UTC时间:01时38分47秒,经度:11141.577度,速度:000.5节,UTC日期:10日05月17年,纬度 :4047.975度,UTC时间:01时38分47秒,经度:11141.577度,卫星数量:09个,海拔高度:1063米
纬度:4047.976度,UTC时间:01时38分48秒,经度:11141.577度,速度:000.7节,UTC日期:10日05月17年,纬度 :4047.976度,UTC时间:01时38分48秒,经度:11141.577度,卫星数量:09个,海拔高度:1063米
纬度:4047.976度,UTC时间:01时38分49秒,经度:11141.577度,速度:001.0节,UTC日期:10日05月17年,纬度 :4047.976度,UTC时间:01时38分49秒,经度:11141.577度,卫星数量:09个,海拔高度:1063米
纬度:4047.976度,UTC时间:01时38分50秒,经度:11141.577度,速度:000.6节,UTC日期:10日05月17年,纬度 :4047.976度,UTC时间:01时38分50秒,经度:11141.577度,卫星数量:10个,海拔高度:1063米
纬度:4047.976度,UTC时间:01时38分51秒,经度:11141.577度,速度:000.0节,UTC日期:10日05月17年,纬度 :4047.976度,UTC时间:01时38分51秒,经度:11141.577度,卫星数量:08个,海拔高度:1063米
纬度:4047.976度,UTC时间:01时38分52秒,经度:11141.577度,速度:000.0节,UTC日期:10日05月17年,纬度 :4047.976度,UTC时间:01时38分52秒,经度:11141.577度,卫星数量:09个,海拔高度:1063米
纬度:4047.976度,UTC时间:01时38分53秒,经度:11141.577度,速度:000.0节,UTC日期:10日05月17年,纬度 :4047.976度,UTC时间:01时38分53秒,经度:11141.577度,卫星数量:09个,海拔高度:1063米
纬度:4047.976度,UTC时间:01时38分54秒,经度:11141.577度,速度:000.0节,UTC日期:10日05月17年,纬度 :4047.976度,UTC时间:01时38分54秒,经度:11141.577度,卫星数量:09个,海拔高度:1063米
纬度:4047.976度,UTC时间:01时38分55秒,经度:11141.577度,速度:000.0节,UTC日期:10日05月17年,纬度 :4047.976度,UTC时间:01时38分55秒,经度:11141.577度,卫星数量:09个,海拔高度:1063米
纬度:4047.976度,UTC时间:01时38分56秒,经度:11141.577度,速度:000.0节,UTC日期:10日05月17年,纬度 :4047.976度,UTC时间:01时38分56秒,经度:11141.577度,卫星数量:09个,海拔高度:1063米
纬度:4047.976度,UTC时间:01时38分57秒,经度:11141.577度,速度:000.0节,UTC日期:10日05月17年,纬度 :4047.976度,UTC时间:01时38分57秒,经度:11141.577度,卫星数量:09个,海拔高度:1063米
纬度:4047.976度,UTC时间:01时38分58秒,经度:11141.577度,速度:000.0节,UTC日期:10日05月17年,纬度 :4047.976度,UTC时间:01时38分58秒,经度:11141.577度,卫星数量:09个,海拔高度:1063米
纬度:4047.976度,UTC时间:01时38分59秒,经度:11141.577度,速度:000.0节,UTC日期:10日05月17年,纬度 :4047.976度,UTC时间:01时38分59秒,经度:11141.577度,卫星数量:10个,海拔高度:1063米
纬度:4047.976度,UTC时间:01时39分00秒,经度:11141.577度,速度:000.0节,UTC日期:10日05月17年,纬度 :4047.976度,UTC时间:01时39分00秒,经度:11141.577度,卫星数量:10个,海拔高度:1063米
纬度:4047.976度,UTC时间:01时39分01秒,经度:11141.577度,速度:000.0节,UTC日期:10日05月17年,纬度 :4047.976度,UTC时间:01时39分01秒,经度:11141.577度,卫星数量:10个,海拔高度:1063米
纬度:4047.976度,UTC时间:01时39分02秒,经度:11141.577度,速度:000.0节,UTC日期:10日05月17年,纬度 :4047.976度,UTC时间:01时39分02秒,经度:11141.577度,卫星数量:10个,海拔高度:1063米
纬度:4047.976度,UTC时间:01时39分03秒,经度:11141.577度,速度:000.0节,UTC日期:10日05月17年,纬度 :4047.976度,UTC时间:01时39分03秒,经度:11141.577度,卫星数量:10个,海拔高度:1063米
纬度:4047.976度,UTC时间:01时39分04秒,经度:11141.577度,速度:000.0节,UTC日期:10日05月17年,纬度 :4047.976度,UTC时间:01时39分04秒,经度:11141.577度,卫星数量:10个,海拔高度:1063米
纬度:4047.976度,UTC时间:01时39分05秒,经度:11141.577度,速度:000.0节,UTC日期:10日05月17年,纬度 :4047.976度,UTC时间:01时39分05秒,经度:11141.577度,卫星数量:10个,海拔高度:1063米
纬度:4047.976度,UTC时间:01时39分06秒,经度:11141.577度,速度:000.0节,UTC日期:10日05月17年,纬度 :4047.976度,UTC时间:01时39分06秒,经度:11141.577度,卫星数量:09个,海拔高度:1063米
纬度:4047.976度,UTC时间:01时39分07秒,经度:11141.577度,速度:000.0节,UTC日期:10日05月17年,纬度 :4047.976度,UTC时间:01时39分07秒,经度:11141.577度,卫星数量:09个,海拔高度:1063米
纬度:4047.976度,UTC时间:01时39分08秒,经度:11141.577度,速度:000.0节,UTC日期:10日05月17年,纬度 :4047.976度,UTC时间:01时39分08秒,经度:11141.577度,卫星数量:10个,海拔高度:1063米
纬度:4047.976度,UTC时间:01时39分09秒,经度:11141.577度,速度:000.0节,UTC日期:10日05月17年,纬度 :4047.976度,UTC时间:01时39分09秒,经度:11141.577度,卫星数量:10个,海拔高度:1063米
纬度:4047.976度,UTC时间:01时39分10秒,经度:11141.577度,速度:000.0节,UTC日期:10日05月17年,纬度 :4047.976度,UTC时间:01时39分10秒,经度:11141.577度,卫星数量:10个,海拔高度:1063米
纬度:4047.976度,UTC时间:01时39分11秒,经度:11141.577度,速度:000.0节,UTC日期:10日05月17年,纬度 :4047.976度,UTC时间:01时39分11秒,经度:11141.577度,卫星数量:10个,海拔高度:1063米
纬度:4047.976度,UTC时间:01时39分12秒,经度:11141.577度,速度:000.0节,UTC日期:10日05月17年,纬度 :4047.976度,UTC时间:01时39分12秒,经度:11141.577度,卫星数量:10个,海拔高度:1063米
纬度:4047.977度,UTC时间:01时39分13秒,经度:11141.576度,速度:002.5节,UTC日期:10日05月17年,纬度 :4047.977度,UTC时间:01时39分13秒,经度:11141.576度,卫星数量:10个,海拔高度:1063米
纬度:4047.978度,UTC时间:01时39分14秒,经度:11141.575度,速度:006.0节,UTC日期:10日05月17年,纬度 :4047.978度,UTC时间:01时39分14秒,经度:11141.575度,卫星数量:10个,海拔高度:1063米
纬度:4047.981度,UTC时间:01时39分15秒,经度:11141.574度,速度:008.0节,UTC日期:10日05月17年,纬度 :4047.981度,UTC时间:01时39分15秒,经度:11141.574度,卫星数量:09个,海拔高度:1063米
纬度:4047.983度,UTC时间:01时39分16秒,经度:11141.573度,速度:009.2节,UTC日期:10日05月17年,纬度 :4047.983度,UTC时间:01时39分16秒,经度:11141.573度,卫星数量:10个,海拔高度:1063米
纬度:4047.986度,UTC时间:01时39分17秒,经度:11141.572度,速度:011.8节,UTC日期:10日05月17年,纬度 :4047.986度,UTC时间:01时39分17秒,经度:11141.572度,卫星数量:10个,海拔高度:1063米
纬度:4047.990度,UTC时间:01时39分18秒,经度:11141.570度,速度:012.3节,UTC日期:10日05月17年,纬度 :4047.990度,UTC时间:01时39分18秒,经度:11141.570度,卫星数量:10个,海拔高度:1063米
纬度:4047.993度,UTC时间:01时39分19秒,经度:11141.569度,速度:011.1节,UTC日期:10日05月17年,纬度 :4047.993度,UTC时间:01时39分19秒,经度:11141.569度,卫星数量:10个,海拔高度:1063米
纬度:4047.996度,UTC时间:01时39分20秒,经度:11141.567度,速度:010.6节,UTC日期:10日05月17年,纬度 :4047.996度,UTC时间:01时39分20秒,经度:11141.567度,卫星数量:10个,海拔高度:1063米
纬度:4047.998度,UTC时间:01时39分21秒,经度:11141.566度,速度:008.9节,UTC日期:10日05月17年,纬度 :4047.998度,UTC时间:01时39分21秒,经度:11141.566度,卫星数量:10个,海拔高度:1063米
纬度:4048.000度,UTC时间:01时39分22秒,经度:11141.565度,速度:006.9节,UTC日期:10日05月17年,纬度 :4048.000度,UTC时间:01时39分22秒,经度:11141.565度,卫星数量:10个,海拔高度:1064米
纬度:4048.002度,UTC时间:01时39分23秒,经度:11141.564度,速度:007.8节,UTC日期:10日05月17年,纬度 :4048.002度,UTC时间:01时39分23秒,经度:11141.564度,卫星数量:10个,海拔高度:1064米
纬度:4048.005度,UTC时间:01时39分24秒,经度:11141.562度,速度:009.1节,UTC日期:10日05月17年,纬度 :4048.005度,UTC时间:01时39分24秒,经度:11141.562度,卫星数量:10个,海拔高度:1065米
纬度:4048.007度,UTC时间:01时39分25秒,经度:11141.560度,速度:009.9节,UTC日期:10日05月17年,纬度 :4048.007度,UTC时间:01时39分25秒,经度:11141.560度,卫星数量:10个,海拔高度:1066米
纬度:4048.010度,UTC时间:01时39分26秒,经度:11141.559度,速度:010.3节,UTC日期:10日05月17年,纬度 :4048.010度,UTC时间:01时39分26秒,经度:11141.559度,卫星数量:10个,海拔高度:1066米
纬度:4048.013度,UTC时间:01时39分27秒,经度:11141.557度,速度:012.2节,UTC日期:10日05月17年,纬度 :4048.013度,UTC时间:01时39分27秒,经度:11141.557度,卫星数量:10个,海拔高度:1067米
纬度:4048.016度,UTC时间:01时39分28秒,经度:11141.555度,速度:013.7节,UTC日期:10日05月17年,纬度 :4048.016度,UTC时间:01时39分28秒,经度:11141.555度,卫星数量:10个,海拔高度:1067米
纬度:4048.020度,UTC时间:01时39分29秒,经度:11141.554度,速度:014.5节,UTC日期:10日05月17年,纬度 :4048.020度,UTC时间:01时39分29秒,经度:11141.554度,卫星数量:10个,海拔高度:1068米
纬度:4048.024度,UTC时间:01时39分30秒,经度:11141.552度,速度:014.6节,UTC日期:10日05月17年,纬度 :4048.024度,UTC时间:01时39分30秒,经度:11141.552度,卫星数量:10个,海拔高度:1069米
纬度:4048.028度,UTC时间:01时39分31秒,经度:11141.550度,速度:014.1节,UTC日期:10日05月17年,纬度 :4048.028度,UTC时间:01时39分31秒,经度:11141.550度,卫星数量:10个,海拔高度:1069米
纬度:4048.028度,UTC时间:01时39分31秒,经度:11141.550度,速度:014.1节,UTC日期:10日05月17年,纬度 :4048.028度,UTC时间:01时39分31秒,经度:11141.550度,卫星数量:10个,海拔高度:1069米
纬度:4048.031度,UTC时间:01时39分32秒,经度:11141.549度,速度:012.4节,UTC日期:10日05月17年,纬度 :4048.031度,UTC时间:01时39分32秒,经度:11141.549度,卫星数量:10个,海拔高度:1069米
纬度:4048.034度,UTC时间:01时39分33秒,经度:11141.547度,速度:009.5节,UTC日期:10日05月17年,纬度 :4048.034度,UTC时间:01时39分33秒,经度:11141.547度,卫星数量:10个,海拔高度:1069米
纬度:4048.037度,UTC时间:01时39分34秒,经度:11141.546度,速度:007.8节,UTC日期:10日05月17年,纬度 :4048.037度,UTC时间:01时39分34秒,经度:11141.546度,卫星数量:10个,海拔高度:1069米
纬度:4048.039度,UTC时间:01时39分35秒,经度:11141.545度,速度:008.7节,UTC日期:10日05月17年,纬度 :4048.039度,UTC时间:01时39分35秒,经度:11141.545度,卫星数量:09个,海拔高度:1068米
纬度:4048.042度,UTC时间:01时39分36秒,经度:11141.544度,速度:010.5节,UTC日期:10日05月17年,纬度 :4048.042度,UTC时间:01时39分36秒,经度:11141.544度,卫星数量:10个,海拔高度:1069米
纬度:4048.045度,UTC时间:01时39分37秒,经度:11141.543度,速度:010.9节,UTC日期:10日05月17年,纬度 :4048.045度,UTC时间:01时39分37秒,经度:11141.543度,卫星数量:09个,海拔高度:1069米
纬度:4048.047度,UTC时间:01时39分38秒,经度:11141.541度,速度:011.2节,UTC日期:10日05月17年,纬度 :4048.047度,UTC时间:01时39分38秒,经度:11141.541度,卫星数量:09个,海拔高度:1068米
纬度:4048.051度,UTC时间:01时39分39秒,经度:11141.540度,速度:012.1节,UTC日期:10日05月17年,纬度 :4048.051度,UTC时间:01时39分39秒,经度:11141.540度,卫星数量:09个,海拔高度:1068米
纬度:4048.054度,UTC时间:01时39分40秒,经度:11141.538度,速度:014.5节,UTC日期:10日05月17年,纬度 :4048.054度,UTC时间:01时39分40秒,经度:11141.538度,卫星数量:09个,海拔高度:1067米
纬度:4048.058度,UTC时间:01时39分41秒,经度:11141.535度,速度:016.8节,UTC日期:10日05月17年,纬度 :4048.058度,UTC时间:01时39分41秒,经度:11141.535度,卫星数量:08个,海拔高度:1067米
纬度:4048.063度,UTC时间:01时39分42秒,经度:11141.533度,速度:017.4节,UTC日期:10日05月17年,纬度 :4048.063度,UTC时间:01时39分42秒,经度:11141.533度,卫星数量:09个,海拔高度:1067米
纬度:4048.072度,UTC时间:01时39分44秒,经度:11141.529度,速度:015.4节,UTC日期:10日05月17年,纬度 :4048.072度,UTC时间:01时39分44秒,经度:11141.529度,卫星数量:09个,海拔高度:1067米
纬度:4048.076度,UTC时间:01时39分45秒,经度:11141.527度,速度:016.1节,UTC日期:10日05月17年,纬度 :4048.076度,UTC时间:01时39分45秒,经度:11141.527度,卫星数量:09个,海拔高度:1067米
纬度:4048.081度,UTC时间:01时39分46秒,经度:11141.526度,速度:017.1节,UTC日期:10日05月17年,纬度 :4048.081度,UTC时间:01时39分46秒,经度:11141.526度,卫星数量:09个,海拔高度:1068米
纬度:4048.081度,UTC时间:01时39分46秒,经度:11141.526度,速度:017.1节,UTC日期:10日05月17年,纬度 :4048.081度,UTC时间:01时39分46秒,经度:11141.526度,卫星数量:09个,海拔高度:1068米
纬度:4048.092度,UTC时间:01时39分48秒,经度:11141.523度,速度:019.9节,UTC日期:10日05月17年,纬度 :4048.092度,UTC时间:01时39分48秒,经度:11141.523度,卫星数量:08个,海拔高度:1068米
纬度:4048.092度,UTC时间:01时39分48秒,经度:11141.523度,速度:019.9节,UTC日期:10日05月17年,纬度 :4048.092度,UTC时间:01时39分48秒,经度:11141.523度,卫星数量:08个,海拔高度:1069米
纬度:4048.103度,UTC时间:01时39分50秒,经度:11141.519度,速度:020.2节,UTC日期:10日05月17年,纬度 :4048.103度,UTC时间:01时39分50秒,经度:11141.519度,卫星数量:08个,海拔高度:1069米
纬度:4048.103度,UTC时间:01时39分50秒,经度:11141.519度,速度:020.2节,UTC日期:10日05月17年,纬度 :4048.103度,UTC时间:01时39分50秒,经度:11141.519度,卫星数量:09个,海拔高度:1070米
纬度:4048.108度,UTC时间:01时39分51秒,经度:11141.516度,速度:020.4节,UTC日期:10日05月17年,纬度 :4048.108度,UTC时间:01时39分51秒,经度:11141.516度,卫星数量:09个,海拔高度:1070米
纬度:4048.113度,UTC时间:01时39分52秒,经度:11141.513度,速度:021.3节,UTC日期:10日05月17年,纬度 :4048.113度,UTC时间:01时39分52秒,经度:11141.513度,卫星数量:09个,海拔高度:1070米
纬度:4048.119度,UTC时间:01时39分53秒,经度:11141.510度,速度:021.4节,UTC日期:10日05月17年,纬度 :4048.119度,UTC时间:01时39分53秒,经度:11141.510度,卫星数量:09个,海拔高度:1070米
纬度:4048.131度,UTC时间:01时39分55秒,经度:11141.505度,速度:021.7节,UTC日期:10日05月17年,纬度 :4048.131度,UTC时间:01时39分55秒,经度:11141.505度,卫星数量:09个,海拔高度:1070米
纬度:4048.131度,UTC时间:01时39分55秒,经度:11141.505度,速度:021.7节,UTC日期:10日05月17年,纬度 :4048.131度,UTC时间:01时39分55秒,经度:11141.505度,卫星数量:09个,海拔高度:1069米
纬度:4048.137度,UTC时间:01时39分56秒,经度:11141.502度,速度:022.6节,UTC日期:10日05月17年,纬度 :4048.137度,UTC时间:01时39分56秒,经度:11141.502度,卫星数量:09个,海拔高度:1069米
纬度:4048.142度,UTC时间:01时39分57秒,经度:11141.499度,速度:021.6节,UTC日期:10日05月17年,纬度 :4048.142度,UTC时间:01时39分57秒,经度:11141.499度,卫星数量:10个,海拔高度:1070米
纬度:4048.148度,UTC时间:01时39分58秒,经度:11141.496度,速度:020.0节,UTC日期:10日05月17年,纬度 :4048.148度,UTC时间:01时39分58秒,经度:11141.496度,卫星数量:10个,海拔高度:1070米
纬度:4048.153度,UTC时间:01时39分59秒,经度:11141.494度,速度:019.0节,UTC日期:10日05月17年,纬度 :4048.153度,UTC时间:01时39分59秒,经度:11141.494度,卫星数量:10个,海拔高度:1070米
纬度:4048.158度,UTC时间:01时40分00秒,经度:11141.492度,速度:018.7节,UTC日期:10日05月17年,纬度 :4048.158度,UTC时间:01时40分00秒,经度:11141.492度,卫星数量:10个,海拔高度:1070米
纬度:4048.168度,UTC时间:01时40分02秒,经度:11141.488度,速度:018.6节,UTC日期:10日05月17年,纬度 :4048.168度,UTC时间:01时40分02秒,经度:11141.488度,卫星数量:10个,海拔高度:1070米
纬度:4048.168度,UTC时间:01时40分02秒,经度:11141.488度,速度:018.6节,UTC日期:10日05月17年,纬度 :4048.168度,UTC时间:01时40分02秒,经度:11141.488度,卫星数量:10个,海拔高度:1069米
纬度:4048.178度,UTC时间:01时40分04秒,经度:11141.483度,速度:018.9节,UTC日期:10日05月17年,纬度 :4048.178度,UTC时间:01时40分04秒,经度:11141.483度,卫星数量:10个,海拔高度:1069米
纬度:4048.178度,UTC时间:01时40分04秒,经度:11141.483度,速度:018.9节,UTC日期:10日05月17年,纬度 :4048.178度,UTC时间:01时40分04秒,经度:11141.483度,卫星数量:10个,海拔高度:1070米
纬度:4048.183度,UTC时间:01时40分05秒,经度:11141.481度,速度:018.9节,UTC日期:10日05月17年,纬度 :4048.183度,UTC时间:01时40分05秒,经度:11141.481度,卫星数量:10个,海拔高度:1069米
纬度:4048.189度,UTC时间:01时40分06秒,经度:11141.478度,速度:018.3节,UTC日期:10日05月17年,纬度 :4048.189度,UTC时间:01时40分06秒,经度:11141.478度,卫星数量:10个,海拔高度:1069米
纬度:4048.193度,UTC时间:01时40分07秒,经度:11141.476度,速度:018.3节,UTC日期:10日05月17年,纬度 :4048.193度,UTC时间:01时40分07秒,经度:11141.476度,卫星数量:10个,海拔高度:1069米
纬度:4048.198度,UTC时间:01时40分08秒,经度:11141.473度,速度:017.9节,UTC日期:10日05月17年,纬度 :4048.198度,UTC时间:01时40分08秒,经度:11141.473度,卫星数量:10个,海拔高度:1069米
纬度:4048.203度,UTC时间:01时40分09秒,经度:11141.471度,速度:017.9节,UTC日期:10日05月17年,纬度 :4048.203度,UTC时间:01时40分09秒,经度:11141.471度,卫星数量:10个,海拔高度:1070米
纬度:4048.207度,UTC时间:01时40分10秒,经度:11141.469度,速度:017.7节,UTC日期:10日05月17年,纬度 :4048.207度,UTC时间:01时40分10秒,经度:11141.469度,卫星数量:10个,海拔高度:1070米
纬度:4048.212度,UTC时间:01时40分11秒,经度:11141.466度,速度:017.4节,UTC日期:10日05月17年,纬度 :4048.212度,UTC时间:01时40分11秒,经度:11141.466度,卫星数量:10个,海拔高度:1070米
纬度:4048.216度,UTC时间:01时40分12秒,经度:11141.464度,速度:016.8节,UTC日期:10日05月17年,纬度 :4048.216度,UTC时间:01时40分12秒,经度:11141.464度,卫星数量:10个,海拔高度:1070米
纬度:4048.221度,UTC时间:01时40分13秒,经度:11141.462度,速度:016.8节,UTC日期:10日05月17年,纬度 :4048.221度,UTC时间:01时40分13秒,经度:11141.462度,卫星数量:10个,海拔高度:1070米
纬度:4048.225度,UTC时间:01时40分14秒,经度:11141.460度,速度:017.2节,UTC日期:10日05月17年,纬度 :4048.225度,UTC时间:01时40分14秒,经度:11141.460度,卫星数量:10个,海拔高度:1070米
纬度:4048.235度,UTC时间:01时40分16秒,经度:11141.455度,速度:019.9节,UTC日期:10日05月17年,纬度 :4048.235度,UTC时间:01时40分16秒,经度:11141.455度,卫星数量:10个,海拔高度:1071米
纬度:4048.235度,UTC时间:01时40分16秒,经度:11141.455度,速度:019.9节,UTC日期:10日05月17年,纬度 :4048.235度,UTC时间:01时40分16秒,经度:11141.455度,卫星数量:10个,海拔高度:1070米
纬度:4048.240度,UTC时间:01时40分17秒,经度:11141.452度,速度:020.1节,UTC日期:10日05月17年,纬度 :4048.240度,UTC时间:01时40分17秒,经度:11141.452度,卫星数量:10个,海拔高度:1071米
纬度:4048.250度,UTC时间:01时40分19秒,经度:11141.447度,速度:018.3节,UTC日期:10日05月17年,纬度 :4048.250度,UTC时间:01时40分19秒,经度:11141.447度,卫星数量:10个,海拔高度:1071米
纬度:4048.250度,UTC时间:01时40分19秒,经度:11141.447度,速度:018.3节,UTC日期:10日05月17年,纬度 :4048.250度,UTC时间:01时40分19秒,经度:11141.447度,卫星数量:10个,海拔高度:1071米
纬度:4048.255度,UTC时间:01时40分20秒,经度:11141.445度,速度:016.4节,UTC日期:10日05月17年,纬度 :4048.255度,UTC时间:01时40分20秒,经度:11141.445度,卫星数量:10个,海拔高度:1071米
纬度:4048.262度,UTC时间:01时40分22秒,经度:11141.441度,速度:013.2节,UTC日期:10日05月17年,纬度 :4048.262度,UTC时间:01时40分22秒,经度:11141.441度,卫星数量:10个,海拔高度:1071米
纬度:4048.262度,UTC时间:01时40分22秒,经度:11141.441度,速度:013.2节,UTC日期:10日05月17年,纬度 :4048.262度,UTC时间:01时40分22秒,经度:11141.441度,卫星数量:10个,海拔高度:1071米
纬度:4048.265度,UTC时间:01时40分23秒,经度:11141.439度,速度:011.1节,UTC日期:10日05月17年,纬度 :4048.265度,UTC时间:01时40分23秒,经度:11141.439度,卫星数量:10个,海拔高度:1071米
纬度:4048.268度,UTC时间:01时40分24秒,经度:11141.438度,速度:009.0节,UTC日期:10日05月17年,纬度 :4048.268度,UTC时间:01时40分24秒,经度:11141.438度,卫星数量:10个,海拔高度:1071米
纬度:4048.270度,UTC时间:01时40分25秒,经度:11141.438度,速度:005.6节,UTC日期:10日05月17年,纬度 :4048.270度,UTC时间:01时40分25秒,经度:11141.438度,卫星数量:10个,海拔高度:1071米
纬度:4048.272度,UTC时间:01时40分26秒,经度:11141.438度,速度:002.9节,UTC日期:10日05月17年,纬度 :4048.272度,UTC时间:01时40分26秒,经度:11141.438度,卫星数量:10个,海拔高度:1070米
纬度:4048.273度,UTC时间:01时40分28秒,经度:11141.438度,速度:000.1节,UTC日期:10日05月17年,纬度 :4048.273度,UTC时间:01时40分28秒,经度:11141.438度,卫星数量:10个,海拔高度:1070米
纬度:4048.273度,UTC时间:01时40分29秒,经度:11141.438度,速度:000.1节,UTC日期:10日05月17年,纬度 :4048.273度,UTC时间:01时40分29秒,经度:11141.438度,卫星数量:10个,海拔高度:1070米
纬度:4048.273度,UTC时间:01时40分29秒,经度:11141.438度,速度:000.1节,UTC日期:10日05月17年,纬度 :4048.273度,UTC时间:01时40分29秒,经度:11141.438度,卫星数量:10个,海拔高度:1070米
纬度:4048.273度,UTC时间:01时40分30秒,经度:11141.438度,速度:000.0节,UTC日期:10日05月17年,纬度 :4048.273度,UTC时间:01时40分30秒,经度:11141.438度,卫星数量:10个,海拔高度:1070米
纬度:4048.273度,UTC时间:01时40分31秒,经度:11141.437度,速度:000.0节,UTC日期:10日05月17年,纬度 :4048.273度,UTC时间:01时40分31秒,经度:11141.437度,卫星数量:10个,海拔高度:1070米
纬度:4048.273度,UTC时间:01时40分32秒,经度:11141.437度,速度:000.0节,UTC日期:10日05月17年,纬度 :4048.273度,UTC时间:01时40分32秒,经度:11141.437度,卫星数量:10个,海拔高度:1070米
纬度:4048.273度,UTC时间:01时40分34秒,经度:11141.437度,速度:000.0节,UTC日期:10日05月17年,纬度 :4048.273度,UTC时间:01时40分34秒,经度:11141.437度,卫星数量:10个,海拔高度:1070米
纬度:4048.273度,UTC时间:01时40分34秒,经度:11141.437度,速度:000.0节,UTC日期:10日05月17年,纬度 :4048.273度,UTC时间:01时40分34秒,经度:11141.437度,卫星数量:10个,海拔高度:1070米
纬度:4048.273度,UTC时间:01时40分35秒,经度:11141.437度,速度:000.0节,UTC日期:10日05月17年,纬度 :4048.273度,UTC时间:01时40分35秒,经度:11141.437度,卫星数量:10个,海拔高度:1070米
纬度:4048.273度,UTC时间:01时40分36秒,经度:11141.437度,速度:000.0节,UTC日期:10日05月17年,纬度 :4048.273度,UTC时间:01时40分36秒,经度:11141.437度,卫星数量:10个,海拔高度:1070米
纬度:4048.273度,UTC时间:01时40分37秒,经度:11141.436度,速度:000.0节,UTC日期:10日05月17年,纬度 :4048.273度,UTC时间:01时40分37秒,经度:11141.436度,卫星数量:10个,海拔高度:1070米
纬度:4048.273度,UTC时间:01时40分38秒,经度:11141.436度,速度:000.0节,UTC日期:10日05月17年,纬度 :4048.273度,UTC时间:01时40分38秒,经度:11141.436度,卫星数量:10个,海拔高度:1070米
纬度:4048.273度,UTC时间:01时40分39秒,经度:11141.436度,速度:000.0节,UTC日期:10日05月17年,纬度 :4048.273度,UTC时间:01时40分39秒,经度:11141.436度,卫星数量:10个,海拔高度:1070米
纬度:4048.273度,UTC时间:01时40分40秒,经度:11141.436度,速度:000.0节,UTC日期:10日05月17年,纬度 :4048.273度,UTC时间:01时40分40秒,经度:11141.436度,卫星数量:10个,海拔高度:1070米
纬度:4048.273度,UTC时间:01时40分41秒,经度:11141.436度,速度:002.6节,UTC日期:10日05月17年,纬度 :4048.273度,UTC时间:01时40分41秒,经度:11141.436度,卫星数量:10个,海拔高度:1070米
纬度:4048.273度,UTC时间:01时40分42秒,经度:11141.435度,速度:003.8节,UTC日期:10日05月17年,纬度 :4048.273度,UTC时间:01时40分42秒,经度:11141.435度,卫星数量:10个,海拔高度:1070米
纬度:4048.272度,UTC时间:01时40分43秒,经度:11141.434度,速度:004.6节,UTC日期:10日05月17年,纬度 :4048.272度,UTC时间:01时40分43秒,经度:11141.434度,卫星数量:10个,海拔高度:1069米
纬度:4048.270度,UTC时间:01时40分44秒,经度:11141.433度,速度:005.5节,UTC日期:10日05月17年,纬度 :4048.270度,UTC时间:01时40分44秒,经度:11141.433度,卫星数量:10个,海拔高度:1069米
纬度:4048.268度,UTC时间:01时40分45秒,经度:11141.434度,速度:008.5节,UTC日期:10日05月17年,纬度 :4048.268度,UTC时间:01时40分45秒,经度:11141.434度,卫星数量:10个,海拔高度:1068米
纬度:4048.266度,UTC时间:01时40分46秒,经度:11141.436度,速度:009.6节,UTC日期:10日05月17年,纬度 :4048.266度,UTC时间:01时40分46秒,经度:11141.436度,卫星数量:10个,海拔高度:1068米
纬度:4048.263度,UTC时间:01时40分47秒,经度:11141.437度,速度:010.5节,UTC日期:10日05月17年,纬度 :4048.263度,UTC时间:01时40分47秒,经度:11141.437度,卫星数量:10个,海拔高度:1067米
纬度:4048.260度,UTC时间:01时40分48秒,经度:11141.439度,速度:011.4节,UTC日期:10日05月17年,纬度 :4048.260度,UTC时间:01时40分48秒,经度:11141.439度,卫星数量:10个,海拔高度:1066米
纬度:4048.257度,UTC时间:01时40分49秒,经度:11141.440度,速度:012.1节,UTC日期:10日05月17年,纬度 :4048.257度,UTC时间:01时40分49秒,经度:11141.440度,卫星数量:10个,海拔高度:1065米
纬度:4048.254度,UTC时间:01时40分50秒,经度:11141.442度,速度:013.0节,UTC日期:10日05月17年,纬度 :4048.254度,UTC时间:01时40分50秒,经度:11141.442度,卫星数量:09个,海拔高度:1065米
纬度:4048.250度,UTC时间:01时40分51秒,经度:11141.444度,速度:013.4节,UTC日期:10日05月17年,纬度 :4048.250度,UTC时间:01时40分51秒,经度:11141.444度,卫星数量:09个,海拔高度:1064米
纬度:4048.247度,UTC时间:01时40分52秒,经度:11141.445度,速度:013.7节,UTC日期:10日05月17年,纬度 :4048.247度,UTC时间:01时40分52秒,经度:11141.445度,卫星数量:09个,海拔高度:1064米
纬度:4048.243度,UTC时间:01时40分53秒,经度:11141.447度,速度:014.0节,UTC日期:10日05月17年,纬度 :4048.243度,UTC时间:01时40分53秒,经度:11141.447度,卫星数量:10个,海拔高度:1063米
纬度:4048.240度,UTC时间:01时40分54秒,经度:11141.448度,速度:014.2节,UTC日期:10日05月17年,纬度 :4048.240度,UTC时间:01时40分54秒,经度:11141.448度,卫星数量:09个,海拔高度:1062米
纬度:4048.236度,UTC时间:01时40分55秒,经度:11141.450度,速度:014.2节,UTC日期:10日05月17年,纬度 :4048.236度,UTC时间:01时40分55秒,经度:11141.450度,卫星数量:09个,海拔高度:1062米
纬度:4048.232度,UTC时间:01时40分56秒,经度:11141.451度,速度:013.4节,UTC日期:10日05月17年,纬度 :4048.232度,UTC时间:01时40分56秒,经度:11141.451度,卫星数量:09个,海拔高度:1061米
纬度:4048.229度,UTC时间:01时40分57秒,经度:11141.452度,速度:012.4节,UTC日期:10日05月17年,纬度 :4048.229度,UTC时间:01时40分57秒,经度:11141.452度,卫星数量:10个,海拔高度:1060米
纬度:4048.226度,UTC时间:01时40分58秒,经度:11141.453度,速度:011.3节,UTC日期:10日05月17年,纬度 :4048.226度,UTC时间:01时40分58秒,经度:11141.453度,卫星数量:10个,海拔高度:1060米
纬度:4048.223度,UTC时间:01时40分59秒,经度:11141.454度,速度:008.8节,UTC日期:10日05月17年,纬度 :4048.223度,UTC时间:01时40分59秒,经度:11141.454度,卫星数量:10个,海拔高度:1059米
纬度:4048.220度,UTC时间:01时41分00秒,经度:11141.454度,速度:006.4节,UTC日期:10日05月17年,纬度 :4048.220度,UTC时间:01时41分00秒,经度:11141.454度,卫星数量:10个,海拔高度:1058米
纬度:4048.219度,UTC时间:01时41分01秒,经度:11141.454度,速度:004.5节,UTC日期:10日05月17年,纬度 :4048.219度,UTC时间:01时41分01秒,经度:11141.454度,卫星数量:10个,海拔高度:1058米
纬度:4048.218度,UTC时间:01时41分02秒,经度:11141.454度,速度:003.6节,UTC日期:10日05月17年,纬度 :4048.218度,UTC时间:01时41分02秒,经度:11141.454度,卫星数量:10个,海拔高度:1058米
纬度:4048.217度,UTC时间:01时41分03秒,经度:11141.454度,速度:003.1节,UTC日期:10日05月17年,纬度 :4048.217度,UTC时间:01时41分03秒,经度:11141.454度,卫星数量:10个,海拔高度:1057米
纬度:4048.216度,UTC时间:01时41分04秒,经度:11141.453度,速度:003.4节,UTC日期:10日05月17年,纬度 :4048.216度,UTC时间:01时41分04秒,经度:11141.453度,卫星数量:10个,海拔高度:1057米
纬度:4048.215度,UTC时间:01时41分05秒,经度:11141.452度,速度:003.0节,UTC日期:10日05月17年,纬度 :4048.215度,UTC时间:01时41分05秒,经度:11141.452度,卫星数量:10个,海拔高度:1056米
纬度:4048.214度,UTC时间:01时41分06秒,经度:11141.451度,速度:003.5节,UTC日期:10日05月17年,纬度 :4048.214度,UTC时间:01时41分06秒,经度:11141.451度,卫星数量:10个,海拔高度:1056米
纬度:4048.214度,UTC时间:01时41分07秒,经度:11141.450度,速度:004.1节,UTC日期:10日05月17年,纬度 :4048.214度,UTC时间:01时41分07秒,经度:11141.450度,卫星数量:10个,海拔高度:1055米
纬度:4048.213度,UTC时间:01时41分08秒,经度:11141.449度,速度:004.4节,UTC日期:10日05月17年,纬度 :4048.213度,UTC时间:01时41分08秒,经度:11141.449度,卫星数量:10个,海拔高度:1055米
纬度:4048.213度,UTC时间:01时41分09秒,经度:11141.447度,速度:004.6节,UTC日期:10日05月17年,纬度 :4048.213度,UTC时间:01时41分09秒,经度:11141.447度,卫星数量:10个,海拔高度:1055米
纬度:4048.212度,UTC时间:01时41分10秒,经度:11141.445度,速度:004.3节,UTC日期:10日05月17年,纬度 :4048.212度,UTC时间:01时41分10秒,经度:11141.445度,卫星数量:10个,海拔高度:1054米
纬度:4048.212度,UTC时间:01时41分11秒,经度:11141.444度,速度:004.2节,UTC日期:10日05月17年,纬度 :4048.212度,UTC时间:01时41分11秒,经度:11141.444度,卫星数量:10个,海拔高度:1054米
纬度:4048.211度,UTC时间:01时41分12秒,经度:11141.442度,速度:003.0节,UTC日期:10日05月17年,纬度 :4048.211度,UTC时间:01时41分12秒,经度:11141.442度,卫星数量:10个,海拔高度:1054米
纬度:4048.211度,UTC时间:01时41分13秒,经度:11141.442度,速度:000.1节,UTC日期:10日05月17年,纬度 :4048.211度,UTC时间:01时41分13秒,经度:11141.442度,卫星数量:10个,海拔高度:1053米
纬度:4048.211度,UTC时间:01时41分15秒,经度:11141.441度,速度:000.0节,UTC日期:10日05月17年,纬度 :4048.211度,UTC时间:01时41分15秒,经度:11141.441度,卫星数量:10个,海拔高度:1054米
纬度:4048.211度,UTC时间:01时41分15秒,经度:11141.441度,速度:000.0节,UTC日期:10日05月17年,纬度 :4048.211度,UTC时间:01时41分15秒,经度:11141.441度,卫星数量:10个,海拔高度:1054米
纬度:4048.211度,UTC时间:01时41分16秒,经度:11141.441度,速度:000.0节,UTC日期:10日05月17年,纬度 :4048.211度,UTC时间:01时41分16秒,经度:11141.441度,卫星数量:10个,海拔高度:1054米
纬度:4048.211度,UTC时间:01时41分17秒,经度:11141.441度,速度:000.0节,UTC日期:10日05月17年,纬度 :4048.211度,UTC时间:01时41分17秒,经度:11141.441度,卫星数量:10个,海拔高度:1054米
纬度:4048.211度,UTC时间:01时41分18秒,经度:11141.441度,速度:000.0节,UTC日期:10日05月17年,纬度 :4048.211度,UTC时间:01时41分18秒,经度:11141.441度,卫星数量:10个,海拔高度:1054米
纬度:4048.211度,UTC时间:01时41分19秒,经度:11141.441度,速度:000.1节,UTC日期:10日05月17年,纬度 :4048.211度,UTC时间:01时41分19秒,经度:11141.441度,卫星数量:10个,海拔高度:1054米
纬度:4048.210度,UTC时间:01时41分20秒,经度:11141.440度,速度:000.3节,UTC日期:10日05月17年,纬度 :4048.210度,UTC时间:01时41分20秒,经度:11141.440度,卫星数量:10个,海拔高度:1054米
纬度:4048.211度,UTC时间:01时41分21秒,经度:11141.438度,速度:008.0节,UTC日期:10日05月17年,纬度 :4048.211度,UTC时间:01时41分21秒,经度:11141.438度,卫星数量:10个,海拔高度:1054米
纬度:4048.212度,UTC时间:01时41分23秒,经度:11141.430度,速度:010.6节,UTC日期:10日05月17年,纬度 :4048.212度,UTC时间:01时41分23秒,经度:11141.430度,卫星数量:10个,海拔高度:1053米
纬度:4048.212度,UTC时间:01时41分24秒,经度:11141.425度,速度:010.3节,UTC日期:10日05月17年,纬度 :4048.212度,UTC时间:01时41分24秒,经度:11141.425度,卫星数量:09个,海拔高度:1053米
纬度:4048.212度,UTC时间:01时41分24秒,经度:11141.425度,速度:010.3节,UTC日期:10日05月17年,纬度 :4048.212度,UTC时间:01时41分24秒,经度:11141.425度,卫星数量:10个,海拔高度:1053米
纬度:4048.212度,UTC时间:01时41分25秒,经度:11141.421度,速度:010.3节,UTC日期:10日05月17年,纬度 :4048.212度,UTC时间:01时41分25秒,经度:11141.421度,卫星数量:10个,海拔高度:1053米
纬度:4048.211度,UTC时间:01时41分26秒,经度:11141.417度,速度:009.7节,UTC日期:10日05月17年,纬度 :4048.211度,UTC时间:01时41分26秒,经度:11141.417度,卫星数量:10个,海拔高度:1053米
纬度:4048.210度,UTC时间:01时41分27秒,经度:11141.414度,速度:008.9节,UTC日期:10日05月17年,纬度 :4048.210度,UTC时间:01时41分27秒,经度:11141.414度,卫星数量:10个,海拔高度:1052米
纬度:4048.208度,UTC时间:01时41分28秒,经度:11141.412度,速度:007.5节,UTC日期:10日05月17年,纬度 :4048.208度,UTC时间:01时41分28秒,经度:11141.412度,卫星数量:10个,海拔高度:1052米
纬度:4048.207度,UTC时间:01时41分29秒,经度:11141.410度,速度:006.7节,UTC日期:10日05月17年,纬度 :4048.207度,UTC时间:01时41分29秒,经度:11141.410度,卫星数量:10个,海拔高度:1052米
纬度:4048.205度,UTC时间:01时41分30秒,经度:11141.409度,速度:006.3节,UTC日期:10日05月17年,纬度 :4048.205度,UTC时间:01时41分30秒,经度:11141.409度,卫星数量:10个,海拔高度:1053米
纬度:4048.203度,UTC时间:01时41分31秒,经度:11141.408度,速度:005.6节,UTC日期:10日05月17年,纬度 :4048.203度,UTC时间:01时41分31秒,经度:11141.408度,卫星数量:10个,海拔高度:1053米
纬度:4048.201度,UTC时间:01时41分32秒,经度:11141.409度,速度:006.2节,UTC日期:10日05月17年,纬度 :4048.201度,UTC时间:01时41分32秒,经度:11141.409度,卫星数量:10个,海拔高度:1052米
纬度:4048.199度,UTC时间:01时41分33秒,经度:11141.409度,速度:007.8节,UTC日期:10日05月17年,纬度 :4048.199度,UTC时间:01时41分33秒,经度:11141.409度,卫星数量:10个,海拔高度:1052米
纬度:4048.197度,UTC时间:01时41分34秒,经度:11141.410度,速度:009.1节,UTC日期:10日05月17年,纬度 :4048.197度,UTC时间:01时41分34秒,经度:11141.410度,卫星数量:10个,海拔高度:1052米
纬度:4048.195度,UTC时间:01时41分35秒,经度:11141.411度,速度:010.5节,UTC日期:10日05月17年,纬度 :4048.195度,UTC时间:01时41分35秒,经度:11141.411度,卫星数量:10个,海拔高度:1051米
纬度:4048.192度,UTC时间:01时41分36秒,经度:11141.412度,速度:010.8节,UTC日期:10日05月17年,纬度 :4048.192度,UTC时间:01时41分36秒,经度:11141.412度,卫星数量:10个,海拔高度:1051米
纬度:4048.189度,UTC时间:01时41分37秒,经度:11141.413度,速度:010.6节,UTC日期:10日05月17年,纬度 :4048.189度,UTC时间:01时41分37秒,经度:11141.413度,卫星数量:10个,海拔高度:1051米
纬度:4048.186度,UTC时间:01时41分38秒,经度:11141.414度,速度:010.5节,UTC日期:10日05月17年,纬度 :4048.186度,UTC时间:01时41分38秒,经度:11141.414度,卫星数量:10个,海拔高度:1051米
纬度:4048.180度,UTC时间:01时41分40秒,经度:11141.417度,速度:011.8节,UTC日期:10日05月17年,纬度 :4048.180度,UTC时间:01时41分40秒,经度:11141.417度,卫星数量:10个,海拔高度:1051米
纬度:4048.180度,UTC时间:01时41分40秒,经度:11141.417度,速度:011.8节,UTC日期:10日05月17年,纬度 :4048.180度,UTC时间:01时41分40秒,经度:11141.417度,卫星数量:10个,海拔高度:1050米
纬度:4048.177度,UTC时间:01时41分41秒,经度:11141.418度,速度:012.0节,UTC日期:10日05月17年,纬度 :4048.177度,UTC时间:01时41分41秒,经度:11141.418度,卫星数量:10个,海拔高度:1050米
纬度:4048.173度,UTC时间:01时41分42秒,经度:11141.420度,速度:012.6节,UTC日期:10日05月17年,纬度 :4048.173度,UTC时间:01时41分42秒,经度:11141.420度,卫星数量:10个,海拔高度:1049米
纬度:4048.166度,UTC时间:01时41分44秒,经度:11141.423度,速度:013.1节,UTC日期:10日05月17年,纬度 :4048.166度,UTC时间:01时41分44秒,经度:11141.423度,卫星数量:10个,海拔高度:1049米
纬度:4048.166度,UTC时间:01时41分44秒,经度:11141.423度,速度:013.1节,UTC日期:10日05月17年,纬度 :4048.166度,UTC时间:01时41分44秒,经度:11141.423度,卫星数量:10个,海拔高度:1049米
纬度:4048.163度,UTC时间:01时41分45秒,经度:11141.425度,速度:013.1节,UTC日期:10日05月17年,纬度 :4048.163度,UTC时间:01时41分45秒,经度:11141.425度,卫星数量:10个,海拔高度:1048米
纬度:4048.156度,UTC时间:01时41分47秒,经度:11141.427度,速度:012.3节,UTC日期:10日05月17年,纬度 :4048.156度,UTC时间:01时41分47秒,经度:11141.427度,卫星数量:10个,海拔高度:1048米
纬度:4048.152度,UTC时间:01时41分48秒,经度:11141.429度,速度:013.2节,UTC日期:10日05月17年,纬度 :4048.152度,UTC时间:01时41分48秒,经度:11141.429度,卫星数量:10个,海拔高度:1047米
纬度:4048.152度,UTC时间:01时41分48秒,经度:11141.429度,速度:013.2节,UTC日期:10日05月17年,纬度 :4048.152度,UTC时间:01时41分48秒,经度:11141.429度,卫星数量:10个,海拔高度:1047米
纬度:4048.149度,UTC时间:01时41分49秒,经度:11141.430度,速度:013.4节,UTC日期:10日05月17年,纬度 :4048.149度,UTC时间:01时41分49秒,经度:11141.430度,卫星数量:10个,海拔高度:1046米
纬度:4048.145度,UTC时间:01时41分50秒,经度:11141.432度,速度:013.4节,UTC日期:10日05月17年,纬度 :4048.145度,UTC时间:01时41分50秒,经度:11141.432度,卫星数量:10个,海拔高度:1046米
纬度:4048.142度,UTC时间:01时41分51秒,经度:11141.433度,速度:014.2节,UTC日期:10日05月17年,纬度 :4048.142度,UTC时间:01时41分51秒,经度:11141.433度,卫星数量:10个,海拔高度:1046米
纬度:4048.138度,UTC时间:01时41分52秒,经度:11141.435度,速度:014.5节,UTC日期:10日05月17年,纬度 :4048.138度,UTC时间:01时41分52秒,经度:11141.435度,卫星数量:10个,海拔高度:1046米
纬度:4048.134度,UTC时间:01时41分53秒,经度:11141.437度,速度:013.5节,UTC日期:10日05月17年,纬度 :4048.134度,UTC时间:01时41分53秒,经度:11141.437度,卫星数量:10个,海拔高度:1045米
纬度:4048.130度,UTC时间:01时41分54秒,经度:11141.438度,速度:013.0节,UTC日期:10日05月17年,纬度 :4048.130度,UTC时间:01时41分54秒,经度:11141.438度,卫星数量:10个,海拔高度:1045米
纬度:4048.126度,UTC时间:01时41分55秒,经度:11141.440度,速度:012.1节,UTC日期:10日05月17年,纬度 :4048.126度,UTC时间:01时41分55秒,经度:11141.440度,卫星数量:10个,海拔高度:1045米
纬度:4048.123度,UTC时间:01时41分56秒,经度:11141.442度,速度:012.4节,UTC日期:10日05月17年,纬度 :4048.123度,UTC时间:01时41分56秒,经度:11141.442度,卫星数量:10个,海拔高度:1045米
纬度:4048.120度,UTC时间:01时41分57秒,经度:11141.443度,速度:012.2节,UTC日期:10日05月17年,纬度 :4048.120度,UTC时间:01时41分57秒,经度:11141.443度,卫星数量:10个,海拔高度:1044米
纬度:4048.117度,UTC时间:01时41分58秒,经度:11141.444度,速度:011.4节,UTC日期:10日05月17年,纬度 :4048.117度,UTC时间:01时41分58秒,经度:11141.444度,卫星数量:10个,海拔高度:1044米
纬度:4048.114度,UTC时间:01时41分59秒,经度:11141.446度,速度:011.4节,UTC日期:10日05月17年,纬度 :4048.114度,UTC时间:01时41分59秒,经度:11141.446度,卫星数量:10个,海拔高度:1044米
纬度:4048.111度,UTC时间:01时42分00秒,经度:11141.447度,速度:011.4节,UTC日期:10日05月17年,纬度 :4048.111度,UTC时间:01时42分00秒,经度:11141.447度,卫星数量:10个,海拔高度:1043米
纬度:4048.108度,UTC时间:01时42分01秒,经度:11141.448度,速度:011.4节,UTC日期:10日05月17年,纬度 :4048.108度,UTC时间:01时42分01秒,经度:11141.448度,卫星数量:10个,海拔高度:1043米
纬度:4048.105度,UTC时间:01时42分02秒,经度:11141.450度,速度:011.8节,UTC日期:10日05月17年,纬度 :4048.105度,UTC时间:01时42分02秒,经度:11141.450度,卫星数量:10个,海拔高度:1043米
纬度:4048.102度,UTC时间:01时42分03秒,经度:11141.451度,速度:011.8节,UTC日期:10日05月17年,纬度 :4048.102度,UTC时间:01时42分03秒,经度:11141.451度,卫星数量:09个,海拔高度:1042米
纬度:4048.098度,UTC时间:01时42分04秒,经度:11141.452度,速度:011.3节,UTC日期:10日05月17年,纬度 :4048.098度,UTC时间:01时42分04秒,经度:11141.452度,卫星数量:10个,海拔高度:1042米
纬度:4048.096度,UTC时间:01时42分05秒,经度:11141.453度,速度:010.2节,UTC日期:10日05月17年,纬度 :4048.096度,UTC时间:01时42分05秒,经度:11141.453度,卫星数量:10个,海拔高度:1042米
纬度:4048.093度,UTC时间:01时42分06秒,经度:11141.453度,速度:009.4节,UTC日期:10日05月17年,纬度 :4048.093度,UTC时间:01时42分06秒,经度:11141.453度,卫星数量:10个,海拔高度:1042米
纬度:4048.091度,UTC时间:01时42分07秒,经度:11141.452度,速度:009.0节,UTC日期:10日05月17年,纬度 :4048.091度,UTC时间:01时42分07秒,经度:11141.452度,卫星数量:10个,海拔高度:1041米
纬度:4048.088度,UTC时间:01时42分08秒,经度:11141.451度,速度:008.6节,UTC日期:10日05月17年,纬度 :4048.088度,UTC时间:01时42分08秒,经度:11141.451度,卫星数量:10个,海拔高度:1041米
纬度:4048.087度,UTC时间:01时42分09秒,经度:11141.449度,速度:007.8节,UTC日期:10日05月17年,纬度 :4048.087度,UTC时间:01时42分09秒,经度:11141.449度,卫星数量:10个,海拔高度:1041米
纬度:4048.086度,UTC时间:01时42分10秒,经度:11141.446度,速度:008.9节,UTC日期:10日05月17年,纬度 :4048.086度,UTC时间:01时42分10秒,经度:11141.446度,卫星数量:10个,海拔高度:1041米
纬度:4048.085度,UTC时间:01时42分11秒,经度:11141.443度,速度:009.5节,UTC日期:10日05月17年,纬度 :4048.085度,UTC时间:01时42分11秒,经度:11141.443度,卫星数量:10个,海拔高度:1042米
纬度:4048.083度,UTC时间:01时42分13秒,经度:11141.436度,速度:008.2节,UTC日期:10日05月17年,纬度 :4048.083度,UTC时间:01时42分13秒,经度:11141.436度,卫星数量:10个,海拔高度:1042米
纬度:4048.082度,UTC时间:01时42分14秒,经度:11141.433度,速度:008.1节,UTC日期:10日05月17年,纬度 :4048.082度,UTC时间:01时42分14秒,经度:11141.433度,卫星数量:10个,海拔高度:1042米
纬度:4048.082度,UTC时间:01时42分14秒,经度:11141.433度,速度:008.1节,UTC日期:10日05月17年,纬度 :4048.082度,UTC时间:01时42分14秒,经度:11141.433度,卫星数量:10个,海拔高度:1041米
纬度:4048.081度,UTC时间:01时42分15秒,经度:11141.431度,速度:007.7节,UTC日期:10日05月17年,纬度 :4048.081度,UTC时间:01时42分15秒,经度:11141.431度,卫星数量:10个,海拔高度:1041米
纬度:4048.081度,UTC时间:01时42分16秒,经度:11141.428度,速度:007.6节,UTC日期:10日05月17年,纬度 :4048.081度,UTC时间:01时42分16秒,经度:11141.428度,卫星数量:10个,海拔高度:1041米
纬度:4048.079度,UTC时间:01时42分18秒,经度:11141.423度,速度:007.2节,UTC日期:10日05月17年,纬度 :4048.079度,UTC时间:01时42分18秒,经度:11141.423度,卫星数量:10个,海拔高度:1041米
纬度:4048.079度,UTC时间:01时42分18秒,经度:11141.423度,速度:007.2节,UTC日期:10日05月17年,纬度 :4048.079度,UTC时间:01时42分18秒,经度:11141.423度,卫星数量:10个,海拔高度:1041米
纬度:4048.078度,UTC时间:01时42分20秒,经度:11141.419度,速度:005.9节,UTC日期:10日05月17年,纬度 :4048.078度,UTC时间:01时42分20秒,经度:11141.419度,卫星数量:10个,海拔高度:1041米
纬度:4048.078度,UTC时间:01时42分20秒,经度:11141.419度,速度:005.9节,UTC日期:10日05月17年,纬度 :4048.078度,UTC时间:01时42分20秒,经度:11141.419度,卫星数量:10个,海拔高度:1042米
纬度:4048.077度,UTC时间:01时42分21秒,经度:11141.417度,速度:003.9节,UTC日期:10日05月17年,纬度 :4048.077度,UTC时间:01时42分21秒,经度:11141.417度,卫星数量:10个,海拔高度:1042米
纬度:4048.076度,UTC时间:01时42分23秒,经度:11141.414度,速度:004.0节,UTC日期:10日05月17年,纬度 :4048.076度,UTC时间:01时42分23秒,经度:11141.414度,卫星数量:10个,海拔高度:1042米
纬度:4048.076度,UTC时间:01时42分23秒,经度:11141.414度,速度:004.0节,UTC日期:10日05月17年,纬度 :4048.076度,UTC时间:01时42分23秒,经度:11141.414度,卫星数量:10个,海拔高度:1042米
纬度:4048.076度,UTC时间:01时42分24秒,经度:11141.413度,速度:003.7节,UTC日期:10日05月17年,纬度 :4048.076度,UTC时间:01时42分24秒,经度:11141.413度,卫星数量:10个,海拔高度:1042米
纬度:4048.075度,UTC时间:01时42分26秒,经度:11141.411度,速度:003.1节,UTC日期:10日05月17年,纬度 :4048.075度,UTC时间:01时42分26秒,经度:11141.411度,卫星数量:10个,海拔高度:1042米
纬度:4048.075度,UTC时间:01时42分26秒,经度:11141.411度,速度:003.1节,UTC日期:10日05月17年,纬度 :4048.075度,UTC时间:01时42分26秒,经度:11141.411度,卫星数量:10个,海拔高度:1043米
纬度:4048.075度,UTC时间:01时42分28秒,经度:11141.408度,速度:003.9节,UTC日期:10日05月17年,纬度 :4048.075度,UTC时间:01时42分28秒,经度:11141.408度,卫星数量:10个,海拔高度:1043米
纬度:4048.075度,UTC时间:01时42分28秒,经度:11141.408度,速度:003.9节,UTC日期:10日05月17年,纬度 :4048.075度,UTC时间:01时42分28秒,经度:11141.408度,卫星数量:10个,海拔高度:1044米
纬度:4048.074度,UTC时间:01时42分30秒,经度:11141.404度,速度:003.9节,UTC日期:10日05月17年,纬度 :4048.074度,UTC时间:01时42分30秒,经度:11141.404度,卫星数量:10个,海拔高度:1044米
纬度:4048.074度,UTC时间:01时42分31秒,经度:11141.402度,速度:003.3节,UTC日期:10日05月17年,纬度 :4048.074度,UTC时间:01时42分31秒,经度:11141.402度,卫星数量:10个,海拔高度:1044米
纬度:4048.075度,UTC时间:01时42分32秒,经度:11141.401度,速度:003.3节,UTC日期:10日05月17年,纬度 :4048.075度,UTC时间:01时42分32秒,经度:11141.401度,卫星数量:10个,海拔高度:1045米
纬度:4048.075度,UTC时间:01时42分32秒,经度:11141.401度,速度:003.3节,UTC日期:10日05月17年,纬度 :4048.075度,UTC时间:01时42分32秒,经度:11141.401度,卫星数量:10个,海拔高度:1045米
纬度:4048.076度,UTC时间:01时42分33秒,经度:11141.400度,速度:004.3节,UTC日期:10日05月17年,纬度 :4048.076度,UTC时间:01时42分33秒,经度:11141.400度,卫星数量:10个,海拔高度:1046米
纬度:4048.078度,UTC时间:01时42分35秒,经度:11141.400度,速度:002.7节,UTC日期:10日05月17年,纬度 :4048.078度,UTC时间:01时42分35秒,经度:11141.400度,卫星数量:10个,海拔高度:1046米
纬度:4048.078度,UTC时间:01时42分35秒,经度:11141.400度,速度:002.7节,UTC日期:10日05月17年,纬度 :4048.078度,UTC时间:01时42分35秒,经度:11141.400度,卫星数量:10个,海拔高度:1047米
纬度:4048.079度,UTC时间:01时42分37秒,经度:11141.401度,速度:002.7节,UTC日期:10日05月17年,纬度 :4048.079度,UTC时间:01时42分37秒,经度:11141.401度,卫星数量:10个,海拔高度:1047米
纬度:4048.079度,UTC时间:01时42分37秒,经度:11141.401度,速度:002.7节,UTC日期:10日05月17年,纬度 :4048.079度,UTC时间:01时42分37秒,经度:11141.401度,卫星数量:10个,海拔高度:1047米
纬度:4048.080度,UTC时间:01时42分39秒,经度:11141.402度,速度:002.5节,UTC日期:10日05月17年,纬度 :4048.080度,UTC时间:01时42分39秒,经度:11141.402度,卫星数量:10个,海拔高度:1048米
纬度:4048.080度,UTC时间:01时42分39秒,经度:11141.402度,速度:002.5节,UTC日期:10日05月17年,纬度 :4048.080度,UTC时间:01时42分39秒,经度:11141.402度,卫星数量:10个,海拔高度:1048米
纬度:4048.080度,UTC时间:01时42分40秒,经度:11141.403度,速度:001.7节,UTC日期:10日05月17年,纬度 :4048.080度,UTC时间:01时42分40秒,经度:11141.403度,卫星数量:10个,海拔高度:1048米
纬度:4048.080度,UTC时间:01时42分41秒,经度:11141.403度,速度:001.7节,UTC日期:10日05月17年,纬度 :4048.080度,UTC时间:01时42分41秒,经度:11141.403度,卫星数量:10个,海拔高度:1049米
纬度:4048.080度,UTC时间:01时42分42秒,经度:11141.404度,速度:001.6节,UTC日期:10日05月17年,纬度 :4048.080度,UTC时间:01时42分42秒,经度:11141.404度,卫星数量:10个,海拔高度:1049米
纬度:4048.080度,UTC时间:01时42分44秒,经度:11141.405度,速度:001.4节,UTC日期:10日05月17年,纬度 :4048.080度,UTC时间:01时42分44秒,经度:11141.405度,卫星数量:10个,海拔高度:1049米
纬度:4048.080度,UTC时间:01时42分44秒,经度:11141.405度,速度:001.4节,UTC日期:10日05月17年,纬度 :4048.080度,UTC时间:01时42分44秒,经度:11141.405度,卫星数量:10个,海拔高度:1049米
纬度:4048.081度,UTC时间:01时42分45秒,经度:11141.405度,速度:001.5节,UTC日期:10日05月17年,纬度 :4048.081度,UTC时间:01时42分45秒,经度:11141.405度,卫星数量:10个,海拔高度:1049米
纬度:4048.081度,UTC时间:01时42分47秒,经度:11141.407度,速度:001.2节,UTC日期:10日05月17年,纬度 :4048.081度,UTC时间:01时42分47秒,经度:11141.407度,卫星数量:10个,海拔高度:1049米
纬度:4048.081度,UTC时间:01时42分47秒,经度:11141.407度,速度:001.2节,UTC日期:10日05月17年,纬度 :4048.081度,UTC时间:01时42分47秒,经度:11141.407度,卫星数量:10个,海拔高度:1049米
纬度:4048.081度,UTC时间:01时42分49秒,经度:11141.407度,速度:000.4节,UTC日期:10日05月17年,纬度 :4048.081度,UTC时间:01时42分49秒,经度:11141.407度,卫星数量:10个,海拔高度:1050米
纬度:4048.081度,UTC时间:01时42分50秒,经度:11141.407度,速度:000.0节,UTC日期:10日05月17年,纬度 :4048.081度,UTC时间:01时42分50秒,经度:11141.407度,卫星数量:10个,海拔高度:1050米
纬度:4048.081度,UTC时间:01时42分50秒,经度:11141.407度,速度:000.0节,UTC日期:10日05月17年,纬度 :4048.081度,UTC时间:01时42分50秒,经度:11141.407度,卫星数量:10个,海拔高度:1050米
纬度:4048.081度,UTC时间:01时42分52秒,经度:11141.408度,速度:000.0节,UTC日期:10日05月17年,纬度 :4048.081度,UTC时间:01时42分52秒,经度:11141.408度,卫星数量:10个,海拔高度:1050米
纬度:4048.081度,UTC时间:01时42分53秒,经度:11141.408度,速度:000.0节,UTC日期:10日05月17年,纬度 :4048.081度,UTC时间:01时42分53秒,经度:11141.408度,卫星数量:10个,海拔高度:1050米
纬度:4048.081度,UTC时间:01时42分53秒,经度:11141.408度,速度:000.0节,UTC日期:10日05月17年,纬度 :4048.081度,UTC时间:01时42分53秒,经度:11141.408度,卫星数量:10个,海拔高度:1050米
纬度:4048.081度,UTC时间:01时42分55秒,经度:11141.408度,速度:000.0节,UTC日期:10日05月17年,纬度 :4048.081度,UTC时间:01时42分55秒,经度:11141.408度,卫星数量:10个,海拔高度:1050米
纬度:4048.081度,UTC时间:01时42分56秒,经度:11141.408度,速度:000.0节,UTC日期:10日05月17年,纬度 :4048.081度,UTC时间:01时42分56秒,经度:11141.408度,卫星数量:10个,海拔高度:1050米
纬度:4048.081度,UTC时间:01时42分56秒,经度:11141.408度,速度:000.0节,UTC日期:10日05月17年,纬度 :4048.081度,UTC时间:01时42分56秒,经度:11141.408度,卫星数量:10个,海拔高度:1050米
纬度:4048.081度,UTC时间:01时42分58秒,经度:11141.408度,速度:000.0节,UTC日期:10日05月17年,纬度 :4048.081度,UTC时间:01时42分58秒,经度:11141.408度,卫星数量:10个,海拔高度:1050米
纬度:4048.081度,UTC时间:01时42分58秒,经度:11141.408度,速度:000.0节,UTC日期:10日05月17年,纬度 :4048.081度,UTC时间:01时42分58秒,经度:11141.408度,卫星数量:10个,海拔高度:1050米
纬度:4048.081度,UTC时间:01时43分00秒,经度:11141.408度,速度:000.0节,UTC日期:10日05月17年,纬度 :4048.081度,UTC时间:01时43分00秒,经度:11141.408度,卫星数量:09个,海拔高度:1050米
纬度:4048.081度,UTC时间:01时43分00秒,经度:11141.408度,速度:000.0节,UTC日期:10日05月17年,纬度 :4048.081度,UTC时间:01时43分00秒,经度:11141.408度,卫星数量:09个,海拔高度:1050米
纬度:4048.081度,UTC时间:01时43分02秒,经度:11141.408度,速度:000.0节,UTC日期:10日05月17年,纬度 :4048.081度,UTC时间:01时43分02秒,经度:11141.408度,卫星数量:09个,海拔高度:1050米
纬度:4048.081度,UTC时间:01时43分03秒,经度:11141.408度,速度:000.0节,UTC日期:10日05月17年,纬度 :4048.081度,UTC时间:01时43分03秒,经度:11141.408度,卫星数量:09个,海拔高度:1050米
纬度:4048.081度,UTC时间:01时43分03秒,经度:11141.408度,速度:000.0节,UTC日期:10日05月17年,纬度 :4048.081度,UTC时间:01时43分03秒,经度:11141.408度,卫星数量:09个,海拔高度:1050米
纬度:4048.081度,UTC时间:01时43分05秒,经度:11141.408度,速度:000.0节,UTC日期:10日05月17年,纬度 :4048.081度,UTC时间:01时43分05秒,经度:11141.408度,卫星数量:09个,海拔高度:1050米
纬度:4048.081度,UTC时间:01时43分05秒,经度:11141.408度,速度:000.0节,UTC日期:10日05月17年,纬度 :4048.081度,UTC时间:01时43分05秒,经度:11141.408度,卫星数量:09个,海拔高度:1050米
纬度:4048.081度,UTC时间:01时43分06秒,经度:11141.408度,速度:000.0节,UTC日期:10日05月17年,纬度 :4048.081度,UTC时间:01时43分06秒,经度:11141.408度,卫星数量:09个,海拔高度:1050米
纬度:4048.081度,UTC时间:01时43分07秒,经度:11141.408度,速度:000.0节,UTC日期:10日05月17年,纬度 :4048.081度,UTC时间:01时43分07秒,经度:11141.408度,卫星数量:09个,海拔高度:1050米
纬度:4048.081度,UTC时间:01时43分09秒,经度:11141.408度,速度:000.0节,UTC日期:10日05月17年,纬度 :4048.081度,UTC时间:01时43分09秒,经度:11141.408度,卫星数量:09个,海拔高度:1050米
纬度:4048.081度,UTC时间:01时43分10秒,经度:11141.408度,速度:000.0节,UTC日期:10日05月17年,纬度 :4048.081度,UTC时间:01时43分10秒,经度:11141.408度,卫星数量:09个,海拔高度:1050米
纬度:4048.081度,UTC时间:01时43分10秒,经度:11141.408度,速度:000.0节,UTC日期:10日05月17年,纬度 :4048.081度,UTC时间:01时43分10秒,经度:11141.408度,卫星数量:09个,海拔高度:1050米
